Introduction to Astronomy from Smith's illustrated astronomy : designed for the use of the public or common schools in the United States,http://collections.si.edu/search/results.htm?q=record_ID%3Asilgoi_103948&repo=DPLA,ff0f330ee881abbe2a38f5c4bf4058df,http://ids.si.edu/ids/deliveryService?id=SIL-39088006065619_0008
A Moon over Pluto Animation,http://images.nasa.gov/details-PIA11217.html,PIA11217,https://images-assets.nasa.gov/image/PIA11217/PIA11217~thumb.jpg
Pluto Haze,http://images.nasa.gov/details-PIA19880.html,PIA19880,https://images-assets.nasa.gov/image/PIA19880/PIA19880~thumb.jpg
Faces of Pluto,http://images.nasa.gov/details-PIA19686.html,PIA19686,https://images-assets.nasa.gov/image/PIA19686/PIA19686~thumb.jpg
Pluto and Charon in Color: Pluto-Centric View Animation,http://images.nasa.gov/details-PIA19689.html,PIA19689,https://images-assets.nasa.gov/image/PIA19689/PIA19689~thumb.jpg
Pluto in Twilight,http://images.nasa.gov/details-PIA19931.html,PIA19931,https://images-assets.nasa.gov/image/PIA19931/PIA19931~thumb.jpg
Imagine a Landing on Pluto,http://images.nasa.gov/details-PIA20742.html,PIA20742,https://images-assets.nasa.gov/image/PIA20742/PIA20742~thumb.jpg
Flying Past Pluto Animation,http://images.nasa.gov/details-PIA19873.html,PIA19873,https://images-assets.nasa.gov/image/PIA19873/PIA19873~thumb.jpg
Pluto: A Global Perspective,http://images.nasa.gov/details-PIA20658.html,PIA20658,https://images-assets.nasa.gov/image/PIA20658/PIA20658~thumb.jpg
Map of Pluto Surface,http://images.nasa.gov/details-PIA00826.html,PIA00826,https://images-assets.nasa.gov/image/PIA00826/PIA00826~thumb.jpg
Pluto Big Heart in Color,http://images.nasa.gov/details-PIA19708.html,PIA19708,https://images-assets.nasa.gov/image/PIA19708/PIA19708~thumb.jpg
New Horizons Sees Pluto,http://images.nasa.gov/details-PIA09234.html,PIA09234,https://images-assets.nasa.gov/image/PIA09234/PIA09234~thumb.jpg
Pluto in Hi-Def,http://images.nasa.gov/details-PIA10234.html,PIA10234,https://images-assets.nasa.gov/image/PIA10234/PIA10234~thumb.jpg
Pluto Haze,http://images.nasa.gov/details-PIA20536.html,PIA20536,https://images-assets.nasa.gov/image/PIA20536/PIA20536~thumb.jpg
Pluto Seen from Saturn,http://images.nasa.gov/details-PIA19641.html,PIA19641,https://images-assets.nasa.gov/image/PIA19641/PIA19641~thumb.jpg
A Full View of Pluto Stunning Crescent,http://images.nasa.gov/details-PIA20038.html,PIA20038,https://images-assets.nasa.gov/image/PIA20038/PIA20038~thumb.jpg
New Details on Pluto,http://images.nasa.gov/details-PIA19705.html,PIA19705,https://images-assets.nasa.gov/image/PIA19705/PIA19705~thumb.jpg
Pluto in 3-D,http://images.nasa.gov/details-PIA20032.html,PIA20032,https://images-assets.nasa.gov/image/PIA20032/PIA20032~thumb.jpg
Pluto Color Map,http://images.nasa.gov/details-PIA11707.html,PIA11707,https://images-assets.nasa.gov/image/PIA11707/PIA11707~thumb.jpg
"Pluto Mysterious, Floating Hills",http://images.nasa.gov/details-PIA20464.html,PIA20464,https://images-assets.nasa.gov/image/PIA20464/PIA20464~thumb.jpg
Looking over Pluto,http://images.nasa.gov/details-PIA19937.html,PIA19937,https://images-assets.nasa.gov/image/PIA19937/PIA19937~thumb.jpg
Ice Volcanoes on Pluto?,http://images.nasa.gov/details-PIA20155.html,PIA20155,https://images-assets.nasa.gov/image/PIA20155/PIA20155~thumb.jpg
Pluto in True Color,http://images.nasa.gov/details-PIA19857.html,PIA19857,https://images-assets.nasa.gov/image/PIA19857/PIA19857~thumb.jpg
Color Image of Pluto,http://images.nasa.gov/details-PIA20291.html,PIA20291,https://images-assets.nasa.gov/image/PIA20291/PIA20291~thumb.jpg
New Horizons Sees Pluto Sept. 24,http://images.nasa.gov/details-PIA09233.html,PIA09233,https://images-assets.nasa.gov/image/PIA09233/PIA09233~thumb.jpg
New Horizons Sees Pluto Sept. 21,http://images.nasa.gov/details-PIA09232.html,PIA09232,https://images-assets.nasa.gov/image/PIA09232/PIA09232~thumb.jpg
Secrets Revealed from Pluto Twilight Zone,http://images.nasa.gov/details-PIA20727.html,PIA20727,https://images-assets.nasa.gov/image/PIA20727/PIA20727~thumb.jpg
The Surface of Pluto,http://images.nasa.gov/details-PIA00825.html,PIA00825,https://images-assets.nasa.gov/image/PIA00825/PIA00825~thumb.jpg
A Heart on Pluto,http://images.nasa.gov/details-PIA19702.html,PIA19702,https://images-assets.nasa.gov/image/PIA19702/PIA19702~thumb.jpg
Mapping Pluto Broken Heart,http://images.nasa.gov/details-PIA20037.html,PIA20037,https://images-assets.nasa.gov/image/PIA20037/PIA20037~thumb.jpg
Pluto Bladed Terrain in 3-D,http://images.nasa.gov/details-PIA20544.html,PIA20544,https://images-assets.nasa.gov/image/PIA20544/PIA20544~thumb.jpg
Three Views of Pluto,http://images.nasa.gov/details-PIA19698.html,PIA19698,https://images-assets.nasa.gov/image/PIA19698/PIA19698~thumb.jpg
Methane Snow on Pluto Peaks,http://images.nasa.gov/details-PIA20477.html,PIA20477,https://images-assets.nasa.gov/image/PIA20477/PIA20477~thumb.jpg
Pluto in Extended Color,http://images.nasa.gov/details-PIA19956.html,PIA19956,https://images-assets.nasa.gov/image/PIA19956/PIA19956~thumb.jpg
Family Portrait of Pluto Moons,http://images.nasa.gov/details-PIA20033.html,PIA20033,https://images-assets.nasa.gov/image/PIA20033/PIA20033~thumb.jpg
X-Rays from Pluto,http://images.nasa.gov/details-PIA21061.html,PIA21061,https://images-assets.nasa.gov/image/PIA21061/PIA21061~thumb.jpg
A Colorful Landing on Pluto,http://images.nasa.gov/details-PIA11709.html,PIA11709,https://images-assets.nasa.gov/image/PIA11709/PIA11709~thumb.jpg
The Icy Mountains of Pluto,http://images.nasa.gov/details-PIA19710.html,PIA19710,https://images-assets.nasa.gov/image/PIA19710/PIA19710~thumb.jpg
"Pluto Moon Nix, Half Illuminated",http://images.nasa.gov/details-PIA20287.html,PIA20287,https://images-assets.nasa.gov/image/PIA20287/PIA20287~thumb.jpg
Pluto at High Noon Artist Concept,http://images.nasa.gov/details-PIA19682.html,PIA19682,https://images-assets.nasa.gov/image/PIA19682/PIA19682~thumb.jpg
Global Mosaics of Pluto and Charon,http://images.nasa.gov/details-PIA21862.html,PIA21862,https://images-assets.nasa.gov/image/PIA21862/PIA21862~thumb.jpg
Pluto's Bladed Terrain,http://images.nasa.gov/details-PIA21965.html,PIA21965,https://images-assets.nasa.gov/image/PIA21965/PIA21965~thumb.jpg
Informal Names for Features on Pluto,http://images.nasa.gov/details-PIA19863.html,PIA19863,https://images-assets.nasa.gov/image/PIA19863/PIA19863~thumb.jpg
Pluto Badlands,http://images.nasa.gov/details-PIA20199.html,PIA20199,https://images-assets.nasa.gov/image/PIA20199/PIA20199~thumb.jpg
"Pluto and its Moons: Charon, Nix, and Hydra",http://images.nasa.gov/details-PIA12453.html,PIA12453,https://images-assets.nasa.gov/image/PIA12453/PIA12453~thumb.jpg
The Rich Color Variations of Pluto,http://images.nasa.gov/details-PIA19952.html,PIA19952,https://images-assets.nasa.gov/image/PIA19952/PIA19952~thumb.jpg
Pluto Colorful Composition,http://images.nasa.gov/details-PIA09113.html,PIA09113,https://images-assets.nasa.gov/image/PIA09113/PIA09113~thumb.jpg
Putting Pluto Geology on the Map,http://images.nasa.gov/details-PIA20466.html,PIA20466,https://images-assets.nasa.gov/image/PIA20466/PIA20466~thumb.jpg
Pluto: On Frozen Pond,http://images.nasa.gov/details-PIA20543.html,PIA20543,https://images-assets.nasa.gov/image/PIA20543/PIA20543~thumb.jpg
Blades Across Pluto,http://images.nasa.gov/details-PIA20545.html,PIA20545,https://images-assets.nasa.gov/image/PIA20545/PIA20545~thumb.jpg
The Icy Spider on Pluto,http://images.nasa.gov/details-PIA20641.html,PIA20641,https://images-assets.nasa.gov/image/PIA20641/PIA20641~thumb.jpg
Pluto Halo Craters,http://images.nasa.gov/details-PIA20656.html,PIA20656,https://images-assets.nasa.gov/image/PIA20656/PIA20656~thumb.jpg
Pluto Fretted Terrain,http://images.nasa.gov/details-PIA15546.html,PIA15546,https://images-assets.nasa.gov/image/PIA15546/PIA15546~thumb.jpg
"Pluto Majestic Mountains, Frozen Plains and Foggy Hazes",http://images.nasa.gov/details-PIA19948.html,PIA19948,https://images-assets.nasa.gov/image/PIA19948/PIA19948~thumb.jpg
Mapping Pluto Methane Ice,http://images.nasa.gov/details-PIA19953.html,PIA19953,https://images-assets.nasa.gov/image/PIA19953/PIA19953~thumb.jpg
A Close Look At Pluto,http://images.nasa.gov/details-GSFC_20171208_Archive_e000410.html,GSFC_20171208_Archive_e000410,https://images-assets.nasa.gov/image/GSFC_20171208_Archive_e000410/GSFC_20171208_Archive_e000410~thumb.jpg
Blue Rays: New Horizons High-Res Farewell to Pluto,http://images.nasa.gov/details-PIA21590.html,PIA21590,https://images-assets.nasa.gov/image/PIA21590/PIA21590~thumb.jpg
"Pluto Close-up, Now in Color",http://images.nasa.gov/details-PIA20213.html,PIA20213,https://images-assets.nasa.gov/image/PIA20213/PIA20213~thumb.jpg
The Jagged Shores of Pluto Highlands,http://images.nasa.gov/details-PIA20732.html,PIA20732,https://images-assets.nasa.gov/image/PIA20732/PIA20732~thumb.jpg
The Jagged Shores of Pluto Highlands,http://images.nasa.gov/details-PIA20733.html,PIA20733,https://images-assets.nasa.gov/image/PIA20733/PIA20733~thumb.jpg
Dark and Bright Terrains of Pluto,http://images.nasa.gov/details-PIA19706.html,PIA19706,https://images-assets.nasa.gov/image/PIA19706/PIA19706~thumb.jpg
Pluto's Surface in Detail,http://images.nasa.gov/details-PIA21861.html,PIA21861,https://images-assets.nasa.gov/image/PIA21861/PIA21861~thumb.jpg
Portrait of Pluto and Charon,http://images.nasa.gov/details-PIA19717.html,PIA19717,https://images-assets.nasa.gov/image/PIA19717/PIA19717~thumb.jpg
Two Faces of Pluto July 1,http://images.nasa.gov/details-PIA20292.html,PIA20292,https://images-assets.nasa.gov/image/PIA20292/PIA20292~thumb.jpg
Elevation Map of Pluto Sunken Heart,http://images.nasa.gov/details-PIA20657.html,PIA20657,https://images-assets.nasa.gov/image/PIA20657/PIA20657~thumb.jpg
The Frozen Canyons of Pluto North Pole,http://images.nasa.gov/details-PIA20473.html,PIA20473,https://images-assets.nasa.gov/image/PIA20473/PIA20473~thumb.jpg
Pluto and Charon in Color: Barycentric View Animation,http://images.nasa.gov/details-PIA19688.html,PIA19688,https://images-assets.nasa.gov/image/PIA19688/PIA19688~thumb.jpg
Pluto and Charon in False Color Show Compositional Diversity,http://images.nasa.gov/details-PIA19707.html,PIA19707,https://images-assets.nasa.gov/image/PIA19707/PIA19707~thumb.jpg
Partly Cloudy on Pluto?,http://images.nasa.gov/details-PIA21127.html,PIA21127,https://images-assets.nasa.gov/image/PIA21127/PIA21127~thumb.jpg
Pluto Haze in Bands of Blue,http://images.nasa.gov/details-PIA20362.html,PIA20362,https://images-assets.nasa.gov/image/PIA20362/PIA20362~thumb.jpg
Zigzagging Across Pluto,http://images.nasa.gov/details-PIA20286.html,PIA20286,https://images-assets.nasa.gov/image/PIA20286/PIA20286~thumb.jpg
Faces of Pluto Animation,http://images.nasa.gov/details-PIA17807.html,PIA17807,https://images-assets.nasa.gov/image/PIA17807/PIA17807~thumb.jpg
Soaring over Pluto,http://images.nasa.gov/details-PIA21863.html,PIA21863,https://images-assets.nasa.gov/image/PIA21863/PIA21863~thumb.jpg
Pluto: The Ice Plot Thickens,http://images.nasa.gov/details-PIA19712.html,PIA19712,https://images-assets.nasa.gov/image/PIA19712/PIA19712~thumb.jpg
New Horizons Very Best View of Pluto Mosiac,http://images.nasa.gov/details-PIA20201.html,PIA20201,https://images-assets.nasa.gov/image/PIA20201/PIA20201~thumb.jpg
New Horizons Very Best View of Pluto,http://images.nasa.gov/details-PIA20202.html,PIA20202,https://images-assets.nasa.gov/image/PIA20202/PIA20202~thumb.jpg
Informal Names for Features on Pluto Moon Charon,http://images.nasa.gov/details-PIA19864.html,PIA19864,https://images-assets.nasa.gov/image/PIA19864/PIA19864~thumb.jpg
Informal Names for Features on Pluto Sputnik Planum,http://images.nasa.gov/details-PIA19865.html,PIA19865,https://images-assets.nasa.gov/image/PIA19865/PIA19865~thumb.jpg
New Horizons Best Close-Up of Pluto Surface,http://images.nasa.gov/details-PIA14458.html,PIA14458,https://images-assets.nasa.gov/image/PIA14458/PIA14458~thumb.jpg
Hubble Maps of Pluto Show Surface Changes,http://images.nasa.gov/details-PIA18179.html,PIA18179,https://images-assets.nasa.gov/image/PIA18179/PIA18179~thumb.jpg
Peering Closely at the Heart of Pluto,http://images.nasa.gov/details-PIA19718.html,PIA19718,https://images-assets.nasa.gov/image/PIA19718/PIA19718~thumb.jpg
Valley Glaciers on Pluto,http://images.nasa.gov/details-PIA19944.html,PIA19944,https://images-assets.nasa.gov/image/PIA19944/PIA19944~thumb.jpg
Frozen Plains in the Heart of Pluto Heart,http://images.nasa.gov/details-PIA19841.html,PIA19841,https://images-assets.nasa.gov/image/PIA19841/PIA19841~thumb.jpg
A Mountain Range within Pluto Heart,http://images.nasa.gov/details-PIA19842.html,PIA19842,https://images-assets.nasa.gov/image/PIA19842/PIA19842~thumb.jpg
NASA's Evolving Views of Pluto,http://images.nasa.gov/details-GSFC_20171208_Archive_e000681.html,GSFC_20171208_Archive_e000681,https://images-assets.nasa.gov/image/GSFC_20171208_Archive_e000681/GSFC_20171208_Archive_e000681~thumb.jpg
Global Map of Pluto,http://images.nasa.gov/details-PIA19858.html,PIA19858,https://images-assets.nasa.gov/image/PIA19858/PIA19858~thumb.jpg
Pluto Blue Sky,http://images.nasa.gov/details-PIA19964.html,PIA19964,https://images-assets.nasa.gov/image/PIA19964/PIA19964~thumb.jpg
Pluto Topography and Composition Map,http://images.nasa.gov/details-PIA22036.html,PIA22036,https://images-assets.nasa.gov/image/PIA22036/PIA22036~thumb.jpg
A Pluto Color Combo,http://images.nasa.gov/details-PIA19699.html,PIA19699,https://images-assets.nasa.gov/image/PIA19699/PIA19699~thumb.jpg
Near-Surface Haze or Fog on Pluto,http://images.nasa.gov/details-PIA19946.html,PIA19946,https://images-assets.nasa.gov/image/PIA19946/PIA19946~thumb.jpg
Pluto Heart: Like a Cosmic Lava Lamp,http://images.nasa.gov/details-PIA20726.html,PIA20726,https://images-assets.nasa.gov/image/PIA20726/PIA20726~thumb.jpg
Pluto and Charon Surfaces in Living Color Animation,http://images.nasa.gov/details-PIA19696.html,PIA19696,https://images-assets.nasa.gov/image/PIA19696/PIA19696~thumb.jpg
New Horizons Best Close-Up of Pluto Surface,http://images.nasa.gov/details-PIA14457.html,PIA14457,https://images-assets.nasa.gov/image/PIA14457/PIA14457~thumb.jpg
Pluto Icy Plains Captured in Highest-Resolution Views from New Horizons,http://images.nasa.gov/details-PIA20336.html,PIA20336,https://images-assets.nasa.gov/image/PIA20336/PIA20336~thumb.jpg
First Pluto-Charon Color Image from New Horizons,http://images.nasa.gov/details-PIA09700.html,PIA09700,https://images-assets.nasa.gov/image/PIA09700/PIA09700~thumb.jpg
From Pluto Mountains to Its Plains,http://images.nasa.gov/details-PIA19955.html,PIA19955,https://images-assets.nasa.gov/image/PIA19955/PIA19955~thumb.jpg
What Eating at Pluto?,http://images.nasa.gov/details-PIA20531.html,PIA20531,https://images-assets.nasa.gov/image/PIA20531/PIA20531~thumb.jpg
First Official Pluto Feature Names,http://images.nasa.gov/details-PIA21944.html,PIA21944,https://images-assets.nasa.gov/image/PIA21944/PIA21944~thumb.jpg
Hubble Finds Two Chaotically Tumbling Pluto Moons,http://images.nasa.gov/details-GSFC_20171208_Archive_e000714.html,GSFC_20171208_Archive_e000714,https://images-assets.nasa.gov/image/GSFC_20171208_Archive_e000714/GSFC_20171208_Archive_e000714~thumb.jpg
NASA Missions Have Their Eyes Peeled on Pluto Artist Concept,http://images.nasa.gov/details-PIA19703.html,PIA19703,https://images-assets.nasa.gov/image/PIA19703/PIA19703~thumb.jpg
Water Ice on Pluto,http://images.nasa.gov/details-PIA20030.html,PIA20030,https://images-assets.nasa.gov/image/PIA20030/PIA20030~thumb.jpg
Zooming in on Pluto Pattern of Pits,http://images.nasa.gov/details-PIA20212.html,PIA20212,https://images-assets.nasa.gov/image/PIA20212/PIA20212~thumb.jpg
Pluto’s Puzzling Patterns and Pits,http://images.nasa.gov/details-GSFC_20171208_Archive_e000535.html,GSFC_20171208_Archive_e000535,https://images-assets.nasa.gov/image/GSFC_20171208_Archive_e000535/GSFC_20171208_Archive_e000535~thumb.jpg
Pluto and it's moon Charon Shine in False Color,http://images.nasa.gov/details-GSFC_20171208_Archive_e000683.html,GSFC_20171208_Archive_e000683,https://images-assets.nasa.gov/image/GSFC_20171208_Archive_e000683/GSFC_20171208_Archive_e000683~thumb.jpg
"So Far, All Clear: New Horizons Team Completes First Search for Pluto System Hazards",http://images.nasa.gov/details-PIA17806.html,PIA17806,https://images-assets.nasa.gov/image/PIA17806/PIA17806~thumb.jpg
Portion of Pluto Sputnik Planum Sputnik Plain,http://images.nasa.gov/details-PIA19714.html,PIA19714,https://images-assets.nasa.gov/image/PIA19714/PIA19714~thumb.jpg
Charon and Pluto: Strikingly Different Worlds,http://images.nasa.gov/details-PIA19966.html,PIA19966,https://images-assets.nasa.gov/image/PIA19966/PIA19966~thumb.jpg
Pluto Methane Snowcaps on the Edge of Darkness,http://images.nasa.gov/details-PIA21026.html,PIA21026,https://images-assets.nasa.gov/image/PIA21026/PIA21026~thumb.jpg
Pluto Methane Snowcaps on the Edge of Darkness context,http://images.nasa.gov/details-PIA21025.html,PIA21025,https://images-assets.nasa.gov/image/PIA21025/PIA21025~thumb.jpg
New Horizons Flyby of Pluto,http://images.nasa.gov/details-GSFC_20171208_Archive_e000684.html,GSFC_20171208_Archive_e000684,https://images-assets.nasa.gov/image/GSFC_20171208_Archive_e000684/GSFC_20171208_Archive_e000684~thumb.jpg
Putting Pluto's Geology on the Map,http://images.nasa.gov/details-PIA20465.html,PIA20465,https://images-assets.nasa.gov/image/PIA20465/PIA20465~thumb.jpg
A Long-Distance Look from LORRI,http://images.nasa.gov/details-PIA09265.html,PIA09265,https://images-assets.nasa.gov/image/PIA09265/PIA09265~thumb.jpg
More Detail as New Horizons Draws Closer,http://images.nasa.gov/details-PIA17803.html,PIA17803,https://images-assets.nasa.gov/image/PIA17803/PIA17803~thumb.jpg
More Detail as New Horizons Draws Closer,http://images.nasa.gov/details-PIA17804.html,PIA17804,https://images-assets.nasa.gov/image/PIA17804/PIA17804~thumb.jpg
More Detail as New Horizons Draws Closer,http://images.nasa.gov/details-PIA17805.html,PIA17805,https://images-assets.nasa.gov/image/PIA17805/PIA17805~thumb.jpg
New Horizons Event: The First Mission to the Pluto System,http://images.nasa.gov/details-201408250005HQ.html,201408250005HQ,https://images-assets.nasa.gov/image/201408250005HQ/201408250005HQ~thumb.jpg
First Ever High Resolution View of Pluto's Surface,http://images.nasa.gov/details-GSFC_20171208_Archive_e000682.html,GSFC_20171208_Archive_e000682,https://images-assets.nasa.gov/image/GSFC_20171208_Archive_e000682/GSFC_20171208_Archive_e000682~thumb.jpg
Charon in Plutoshine,http://images.nasa.gov/details-PIA11708.html,PIA11708,https://images-assets.nasa.gov/image/PIA11708/PIA11708~thumb.jpg
A Remarkable World,http://images.nasa.gov/details-PIA19694.html,PIA19694,https://images-assets.nasa.gov/image/PIA19694/PIA19694~thumb.jpg
Craters of All Ages and Sizes,http://images.nasa.gov/details-PIA20154.html,PIA20154,https://images-assets.nasa.gov/image/PIA20154/PIA20154~thumb.jpg
Two Faces of Pluto,http://images.nasa.gov/details-PIA19693.html,PIA19693,https://images-assets.nasa.gov/image/PIA19693/PIA19693~thumb.jpg
New Horizons Event: The First Mission to the Pluto System,http://images.nasa.gov/details-201408250007HQ.html,201408250007HQ,https://images-assets.nasa.gov/image/201408250007HQ/201408250007HQ~thumb.jpg
New Horizons Event: The First Mission to the Pluto System,http://images.nasa.gov/details-201408250008HQ.html,201408250008HQ,https://images-assets.nasa.gov/image/201408250008HQ/201408250008HQ~thumb.jpg
The Other Red Planet Animation,http://images.nasa.gov/details-PIA19697.html,PIA19697,https://images-assets.nasa.gov/image/PIA19697/PIA19697~thumb.jpg
Features on the Close Approach Hemisphere,http://images.nasa.gov/details-PIA19691.html,PIA19691,https://images-assets.nasa.gov/image/PIA19691/PIA19691~thumb.jpg
True Color of Pluto and Charon,http://images.nasa.gov/details-PIA19692.html,PIA19692,https://images-assets.nasa.gov/image/PIA19692/PIA19692~thumb.jpg
Final Hazard Search,http://images.nasa.gov/details-PIA19701.html,PIA19701,https://images-assets.nasa.gov/image/PIA19701/PIA19701~thumb.jpg
A Binary Planet in Color,http://images.nasa.gov/details-PIA19856.html,PIA19856,https://images-assets.nasa.gov/image/PIA19856/PIA19856~thumb.jpg
Merged Bodies,http://images.nasa.gov/details-PIA20153.html,PIA20153,https://images-assets.nasa.gov/image/PIA20153/PIA20153~thumb.jpg
New Horizons Event: The First Mission to the Pluto System,http://images.nasa.gov/details-201408250004HQ.html,201408250004HQ,https://images-assets.nasa.gov/image/201408250004HQ/201408250004HQ~thumb.jpg
New Horizons Event: The First Mission to the Pluto System,http://images.nasa.gov/details-201408250001HQ.html,201408250001HQ,https://images-assets.nasa.gov/image/201408250001HQ/201408250001HQ~thumb.jpg
New Horizons Event: The First Mission to the Pluto System,http://images.nasa.gov/details-201408250002HQ.html,201408250002HQ,https://images-assets.nasa.gov/image/201408250002HQ/201408250002HQ~thumb.jpg
Closer Look: Majestic Mountains and Frozen Plains,http://images.nasa.gov/details-PIA19947.html,PIA19947,https://images-assets.nasa.gov/image/PIA19947/PIA19947~thumb.jpg
Ice Volcanoes and Topography,http://images.nasa.gov/details-PIA20050.html,PIA20050,https://images-assets.nasa.gov/image/PIA20050/PIA20050~thumb.jpg
Ice Mountains and Plains,http://images.nasa.gov/details-PIA19954.html,PIA19954,https://images-assets.nasa.gov/image/PIA19954/PIA19954~thumb.jpg
Global Map of Pluto Moon Charon,http://images.nasa.gov/details-PIA19866.html,PIA19866,https://images-assets.nasa.gov/image/PIA19866/PIA19866~thumb.jpg
Deep Field Image,http://images.nasa.gov/details-PIA20293.html,PIA20293,https://images-assets.nasa.gov/image/PIA20293/PIA20293~thumb.jpg
New Horizons Finds Blue Skies and Water Ice on Pluto,http://images.nasa.gov/details-GSFC_20171208_Archive_e000578.html,GSFC_20171208_Archive_e000578,https://images-assets.nasa.gov/image/GSFC_20171208_Archive_e000578/GSFC_20171208_Archive_e000578~thumb.jpg
New Horizons Event: The First Mission to the Pluto System,http://images.nasa.gov/details-201408250003HQ.html,201408250003HQ,https://images-assets.nasa.gov/image/201408250003HQ/201408250003HQ~thumb.jpg
New Horizons Event: The First Mission to the Pluto System,http://images.nasa.gov/details-201408250006HQ.html,201408250006HQ,https://images-assets.nasa.gov/image/201408250006HQ/201408250006HQ~thumb.jpg
All Clear for New Horizons,http://images.nasa.gov/details-PIA19695.html,PIA19695,https://images-assets.nasa.gov/image/PIA19695/PIA19695~thumb.jpg
Intricate Valley Glaciers on Pluto,http://images.nasa.gov/details-PIA19943.html,PIA19943,https://images-assets.nasa.gov/image/PIA19943/PIA19943~thumb.jpg
Sputnik Planum in Detail,http://images.nasa.gov/details-PIA19945.html,PIA19945,https://images-assets.nasa.gov/image/PIA19945/PIA19945~thumb.jpg
The Whale and the Donut,http://images.nasa.gov/details-PIA19700.html,PIA19700,https://images-assets.nasa.gov/image/PIA19700/PIA19700~thumb.jpg
NASA's New Horizons Pluto Mission: Continuing Voyager's Legacy o,http://images.nasa.gov/details-201408250009HQ.html,201408250009HQ,https://images-assets.nasa.gov/image/201408250009HQ/201408250009HQ~thumb.jpg
NASA's New Horizons Pluto Mission: Continuing Voyager's Legacy o,http://images.nasa.gov/details-201408250017HQ.html,201408250017HQ,https://images-assets.nasa.gov/image/201408250017HQ/201408250017HQ~thumb.jpg
NASA's New Horizons Pluto Mission: Continuing Voyager's Legacy o,http://images.nasa.gov/details-201408250018HQ.html,201408250018HQ,https://images-assets.nasa.gov/image/201408250018HQ/201408250018HQ~thumb.jpg
NASA's New Horizons Pluto Mission: Continuing Voyager's Legacy o,http://images.nasa.gov/details-201408250011HQ.html,201408250011HQ,https://images-assets.nasa.gov/image/201408250011HQ/201408250011HQ~thumb.jpg
NASA's New Horizons Pluto Mission: Continuing Voyager's Legacy o,http://images.nasa.gov/details-201408250014HQ.html,201408250014HQ,https://images-assets.nasa.gov/image/201408250014HQ/201408250014HQ~thumb.jpg
NASA's New Horizons Pluto Mission: Continuing Voyager's Legacy o,http://images.nasa.gov/details-201408250015HQ.html,201408250015HQ,https://images-assets.nasa.gov/image/201408250015HQ/201408250015HQ~thumb.jpg
NASA's New Horizons Pluto Mission: Continuing Voyager's Legacy o,http://images.nasa.gov/details-201408250016HQ.html,201408250016HQ,https://images-assets.nasa.gov/image/201408250016HQ/201408250016HQ~thumb.jpg
NASA's New Horizons Pluto Mission: Continuing Voyager's Legacy o,http://images.nasa.gov/details-201408250019HQ.html,201408250019HQ,https://images-assets.nasa.gov/image/201408250019HQ/201408250019HQ~thumb.jpg
Chaos Region,http://images.nasa.gov/details-PIA19934.html,PIA19934,https://images-assets.nasa.gov/image/PIA19934/PIA19934~thumb.jpg
New Pluto Images from NASA’s New Horizons: It’s Complicated,http://images.nasa.gov/details-GSFC_20171208_Archive_e000616.html,GSFC_20171208_Archive_e000616,https://images-assets.nasa.gov/image/GSFC_20171208_Archive_e000616/GSFC_20171208_Archive_e000616~thumb.jpg
Snakeskin Terrain,http://images.nasa.gov/details-PIA19957.html,PIA19957,https://images-assets.nasa.gov/image/PIA19957/PIA19957~thumb.jpg
Pluto Pits,http://images.nasa.gov/details-PIA20151.html,PIA20151,https://images-assets.nasa.gov/image/PIA20151/PIA20151~thumb.jpg
Spinning Moons,http://images.nasa.gov/details-PIA20152.html,PIA20152,https://images-assets.nasa.gov/image/PIA20152/PIA20152~thumb.jpg
Hubble Portrait of the Double,http://images.nasa.gov/details-PIA00827.html,PIA00827,https://images-assets.nasa.gov/image/PIA00827/PIA00827~thumb.jpg
Artist Concept of the Interaction of the Solar Wind,http://images.nasa.gov/details-PIA19719.html,PIA19719,https://images-assets.nasa.gov/image/PIA19719/PIA19719~thumb.jpg
Capturing Nix and Hydra,http://images.nasa.gov/details-PIA19847.html,PIA19847,https://images-assets.nasa.gov/image/PIA19847/PIA19847~thumb.jpg
Alice Solar Occultation,http://images.nasa.gov/details-PIA19716.html,PIA19716,https://images-assets.nasa.gov/image/PIA19716/PIA19716~thumb.jpg
NASA's New Horizons Pluto Mission: Continuing Voyager's Legacy o,http://images.nasa.gov/details-201408250012HQ.html,201408250012HQ,https://images-assets.nasa.gov/image/201408250012HQ/201408250012HQ~thumb.jpg
Surface Variety,http://images.nasa.gov/details-PIA19936.html,PIA19936,https://images-assets.nasa.gov/image/PIA19936/PIA19936~thumb.jpg
Layered Craters and Icy Plains,http://images.nasa.gov/details-PIA20200.html,PIA20200,https://images-assets.nasa.gov/image/PIA20200/PIA20200~thumb.jpg
Charon's First Official Feature Names,http://images.nasa.gov/details-PIA00442.html,PIA00442,https://images-assets.nasa.gov/image/PIA00442/PIA00442~thumb.jpg
KSC-05pd2587,http://images.nasa.gov/details-KSC-05pd2587.html,KSC-05pd2587,https://images-assets.nasa.gov/image/KSC-05pd2587/KSC-05pd2587~thumb.jpg
KSC-05pd2589,http://images.nasa.gov/details-KSC-05pd2589.html,KSC-05pd2589,https://images-assets.nasa.gov/image/KSC-05pd2589/KSC-05pd2589~thumb.jpg
KSC-05pd2590,http://images.nasa.gov/details-KSC-05pd2590.html,KSC-05pd2590,https://images-assets.nasa.gov/image/KSC-05pd2590/KSC-05pd2590~thumb.jpg
KSC-05pd2591,http://images.nasa.gov/details-KSC-05pd2591.html,KSC-05pd2591,https://images-assets.nasa.gov/image/KSC-05pd2591/KSC-05pd2591~thumb.jpg
KSC-05pd2614,http://images.nasa.gov/details-KSC-05pd2614.html,KSC-05pd2614,https://images-assets.nasa.gov/image/KSC-05pd2614/KSC-05pd2614~thumb.jpg
KSC-05pd2588,http://images.nasa.gov/details-KSC-05pd2588.html,KSC-05pd2588,https://images-assets.nasa.gov/image/KSC-05pd2588/KSC-05pd2588~thumb.jpg
KSC-05pd2592,http://images.nasa.gov/details-KSC-05pd2592.html,KSC-05pd2592,https://images-assets.nasa.gov/image/KSC-05pd2592/KSC-05pd2592~thumb.jpg
KSC-05pd2612,http://images.nasa.gov/details-KSC-05pd2612.html,KSC-05pd2612,https://images-assets.nasa.gov/image/KSC-05pd2612/KSC-05pd2612~thumb.jpg
KSC-05pd2615,http://images.nasa.gov/details-KSC-05pd2615.html,KSC-05pd2615,https://images-assets.nasa.gov/image/KSC-05pd2615/KSC-05pd2615~thumb.jpg
Hydra Emerges from the Shadows,http://images.nasa.gov/details-PIA19711.html,PIA19711,https://images-assets.nasa.gov/image/PIA19711/PIA19711~thumb.jpg
Surface Variety,http://images.nasa.gov/details-PIA19935.html,PIA19935,https://images-assets.nasa.gov/image/PIA19935/PIA19935~thumb.jpg
Pluto Solar Occultations,http://images.nasa.gov/details-PIA19715.html,PIA19715,https://images-assets.nasa.gov/image/PIA19715/PIA19715~thumb.jpg
The Mountainous Shoreline of Sputnik Planum,http://images.nasa.gov/details-PIA20198.html,PIA20198,https://images-assets.nasa.gov/image/PIA20198/PIA20198~thumb.jpg
Dark Areas,http://images.nasa.gov/details-PIA19933.html,PIA19933,https://images-assets.nasa.gov/image/PIA19933/PIA19933~thumb.jpg
KSC-05pd2628,http://images.nasa.gov/details-KSC-05pd2628.html,KSC-05pd2628,https://images-assets.nasa.gov/image/KSC-05pd2628/KSC-05pd2628~thumb.jpg
KSC-05pd2629,http://images.nasa.gov/details-KSC-05pd2629.html,KSC-05pd2629,https://images-assets.nasa.gov/image/KSC-05pd2629/KSC-05pd2629~thumb.jpg
KSC-05pd2630,http://images.nasa.gov/details-KSC-05pd2630.html,KSC-05pd2630,https://images-assets.nasa.gov/image/KSC-05pd2630/KSC-05pd2630~thumb.jpg
KSC-05pd2631,http://images.nasa.gov/details-KSC-05pd2631.html,KSC-05pd2631,https://images-assets.nasa.gov/image/KSC-05pd2631/KSC-05pd2631~thumb.jpg
KSC-05pd2632,http://images.nasa.gov/details-KSC-05pd2632.html,KSC-05pd2632,https://images-assets.nasa.gov/image/KSC-05pd2632/KSC-05pd2632~thumb.jpg
KSC-05pd2633,http://images.nasa.gov/details-KSC-05pd2633.html,KSC-05pd2633,https://images-assets.nasa.gov/image/KSC-05pd2633/KSC-05pd2633~thumb.jpg
KSC-05pd2636,http://images.nasa.gov/details-KSC-05pd2636.html,KSC-05pd2636,https://images-assets.nasa.gov/image/KSC-05pd2636/KSC-05pd2636~thumb.jpg
KSC-05pd2637,http://images.nasa.gov/details-KSC-05pd2637.html,KSC-05pd2637,https://images-assets.nasa.gov/image/KSC-05pd2637/KSC-05pd2637~thumb.jpg
KSC-05pd2638,http://images.nasa.gov/details-KSC-05pd2638.html,KSC-05pd2638,https://images-assets.nasa.gov/image/KSC-05pd2638/KSC-05pd2638~thumb.jpg
KSC-05pd2640,http://images.nasa.gov/details-KSC-05pd2640.html,KSC-05pd2640,https://images-assets.nasa.gov/image/KSC-05pd2640/KSC-05pd2640~thumb.jpg
KSC-05pd2641,http://images.nasa.gov/details-KSC-05pd2641.html,KSC-05pd2641,https://images-assets.nasa.gov/image/KSC-05pd2641/KSC-05pd2641~thumb.jpg
KSC-05pd2642,http://images.nasa.gov/details-KSC-05pd2642.html,KSC-05pd2642,https://images-assets.nasa.gov/image/KSC-05pd2642/KSC-05pd2642~thumb.jpg
KSC-05pd2643,http://images.nasa.gov/details-KSC-05pd2643.html,KSC-05pd2643,https://images-assets.nasa.gov/image/KSC-05pd2643/KSC-05pd2643~thumb.jpg
KSC-05pd2645,http://images.nasa.gov/details-KSC-05pd2645.html,KSC-05pd2645,https://images-assets.nasa.gov/image/KSC-05pd2645/KSC-05pd2645~thumb.jpg
KSC-05pd2625,http://images.nasa.gov/details-KSC-05pd2625.html,KSC-05pd2625,https://images-assets.nasa.gov/image/KSC-05pd2625/KSC-05pd2625~thumb.jpg
KSC-05pd2626,http://images.nasa.gov/details-KSC-05pd2626.html,KSC-05pd2626,https://images-assets.nasa.gov/image/KSC-05pd2626/KSC-05pd2626~thumb.jpg
KSC-05pd2627,http://images.nasa.gov/details-KSC-05pd2627.html,KSC-05pd2627,https://images-assets.nasa.gov/image/KSC-05pd2627/KSC-05pd2627~thumb.jpg
KSC-05pd2632A,http://images.nasa.gov/details-KSC-05pd2632A.html,KSC-05pd2632A,https://images-assets.nasa.gov/image/KSC-05pd2632A/KSC-05pd2632A~thumb.jpg
KSC-05pd2634,http://images.nasa.gov/details-KSC-05pd2634.html,KSC-05pd2634,https://images-assets.nasa.gov/image/KSC-05pd2634/KSC-05pd2634~thumb.jpg
KSC-05pd2635,http://images.nasa.gov/details-KSC-05pd2635.html,KSC-05pd2635,https://images-assets.nasa.gov/image/KSC-05pd2635/KSC-05pd2635~thumb.jpg
KSC-05pd2639,http://images.nasa.gov/details-KSC-05pd2639.html,KSC-05pd2639,https://images-assets.nasa.gov/image/KSC-05pd2639/KSC-05pd2639~thumb.jpg
KSC-05pd2644,http://images.nasa.gov/details-KSC-05pd2644.html,KSC-05pd2644,https://images-assets.nasa.gov/image/KSC-05pd2644/KSC-05pd2644~thumb.jpg
KSC-05pd2646,http://images.nasa.gov/details-KSC-05pd2646.html,KSC-05pd2646,https://images-assets.nasa.gov/image/KSC-05pd2646/KSC-05pd2646~thumb.jpg
KSC-05pd2647,http://images.nasa.gov/details-KSC-05pd2647.html,KSC-05pd2647,https://images-assets.nasa.gov/image/KSC-05pd2647/KSC-05pd2647~thumb.jpg
Water Ice on Pluto,http://images.nasa.gov/details-PIA19963.html,PIA19963,https://images-assets.nasa.gov/image/PIA19963/PIA19963~thumb.jpg
KSC-05pd2613,http://images.nasa.gov/details-KSC-05pd2613.html,KSC-05pd2613,https://images-assets.nasa.gov/image/KSC-05pd2613/KSC-05pd2613~thumb.jpg
KSC-05pd2616,http://images.nasa.gov/details-KSC-05pd2616.html,KSC-05pd2616,https://images-assets.nasa.gov/image/KSC-05pd2616/KSC-05pd2616~thumb.jpg
KSC-05pd2617,http://images.nasa.gov/details-KSC-05pd2617.html,KSC-05pd2617,https://images-assets.nasa.gov/image/KSC-05pd2617/KSC-05pd2617~thumb.jpg
Kerberos Revealed,http://images.nasa.gov/details-PIA20034.html,PIA20034,https://images-assets.nasa.gov/image/PIA20034/PIA20034~thumb.jpg
KSC-06pd0080,http://images.nasa.gov/details-KSC-06pd0080.html,KSC-06pd0080,https://images-assets.nasa.gov/image/KSC-06pd0080/KSC-06pd0080~thumb.jpg
KSC-06pd0081,http://images.nasa.gov/details-KSC-06pd0081.html,KSC-06pd0081,https://images-assets.nasa.gov/image/KSC-06pd0081/KSC-06pd0081~thumb.jpg
KSC-06pd0088,http://images.nasa.gov/details-KSC-06pd0088.html,KSC-06pd0088,https://images-assets.nasa.gov/image/KSC-06pd0088/KSC-06pd0088~thumb.jpg
KSC-06pd0091,http://images.nasa.gov/details-KSC-06pd0091.html,KSC-06pd0091,https://images-assets.nasa.gov/image/KSC-06pd0091/KSC-06pd0091~thumb.jpg
KSC-06pd0092,http://images.nasa.gov/details-KSC-06pd0092.html,KSC-06pd0092,https://images-assets.nasa.gov/image/KSC-06pd0092/KSC-06pd0092~thumb.jpg
KSC-06pd0093,http://images.nasa.gov/details-KSC-06pd0093.html,KSC-06pd0093,https://images-assets.nasa.gov/image/KSC-06pd0093/KSC-06pd0093~thumb.jpg
KSC-06pd0095,http://images.nasa.gov/details-KSC-06pd0095.html,KSC-06pd0095,https://images-assets.nasa.gov/image/KSC-06pd0095/KSC-06pd0095~thumb.jpg
KSC-06pd0099,http://images.nasa.gov/details-KSC-06pd0099.html,KSC-06pd0099,https://images-assets.nasa.gov/image/KSC-06pd0099/KSC-06pd0099~thumb.jpg
KSC-06pd0102,http://images.nasa.gov/details-KSC-06pd0102.html,KSC-06pd0102,https://images-assets.nasa.gov/image/KSC-06pd0102/KSC-06pd0102~thumb.jpg
KSC-06pd0103,http://images.nasa.gov/details-KSC-06pd0103.html,KSC-06pd0103,https://images-assets.nasa.gov/image/KSC-06pd0103/KSC-06pd0103~thumb.jpg
KSC-06pd0082,http://images.nasa.gov/details-KSC-06pd0082.html,KSC-06pd0082,https://images-assets.nasa.gov/image/KSC-06pd0082/KSC-06pd0082~thumb.jpg
KSC-06pd0083,http://images.nasa.gov/details-KSC-06pd0083.html,KSC-06pd0083,https://images-assets.nasa.gov/image/KSC-06pd0083/KSC-06pd0083~thumb.jpg
KSC-06pd0084,http://images.nasa.gov/details-KSC-06pd0084.html,KSC-06pd0084,https://images-assets.nasa.gov/image/KSC-06pd0084/KSC-06pd0084~thumb.jpg
KSC-06pd0085,http://images.nasa.gov/details-KSC-06pd0085.html,KSC-06pd0085,https://images-assets.nasa.gov/image/KSC-06pd0085/KSC-06pd0085~thumb.jpg
KSC-06pd0086,http://images.nasa.gov/details-KSC-06pd0086.html,KSC-06pd0086,https://images-assets.nasa.gov/image/KSC-06pd0086/KSC-06pd0086~thumb.jpg
KSC-06pd0087,http://images.nasa.gov/details-KSC-06pd0087.html,KSC-06pd0087,https://images-assets.nasa.gov/image/KSC-06pd0087/KSC-06pd0087~thumb.jpg
KSC-06pd0089,http://images.nasa.gov/details-KSC-06pd0089.html,KSC-06pd0089,https://images-assets.nasa.gov/image/KSC-06pd0089/KSC-06pd0089~thumb.jpg
KSC-06pd0090,http://images.nasa.gov/details-KSC-06pd0090.html,KSC-06pd0090,https://images-assets.nasa.gov/image/KSC-06pd0090/KSC-06pd0090~thumb.jpg
KSC-06pd0094,http://images.nasa.gov/details-KSC-06pd0094.html,KSC-06pd0094,https://images-assets.nasa.gov/image/KSC-06pd0094/KSC-06pd0094~thumb.jpg
KSC-06pd0096,http://images.nasa.gov/details-KSC-06pd0096.html,KSC-06pd0096,https://images-assets.nasa.gov/image/KSC-06pd0096/KSC-06pd0096~thumb.jpg
KSC-06pd0097,http://images.nasa.gov/details-KSC-06pd0097.html,KSC-06pd0097,https://images-assets.nasa.gov/image/KSC-06pd0097/KSC-06pd0097~thumb.jpg
KSC-06pd0098,http://images.nasa.gov/details-KSC-06pd0098.html,KSC-06pd0098,https://images-assets.nasa.gov/image/KSC-06pd0098/KSC-06pd0098~thumb.jpg
KSC-06pd0100,http://images.nasa.gov/details-KSC-06pd0100.html,KSC-06pd0100,https://images-assets.nasa.gov/image/KSC-06pd0100/KSC-06pd0100~thumb.jpg
KSC-06pd0101,http://images.nasa.gov/details-KSC-06pd0101.html,KSC-06pd0101,https://images-assets.nasa.gov/image/KSC-06pd0101/KSC-06pd0101~thumb.jpg
NASA’s Hubble Telescope Finds Potential Kuiper Belt Targets for New Horizons Pluto Mission,http://images.nasa.gov/details-GSFC_20171208_Archive_e000946.html,GSFC_20171208_Archive_e000946,https://images-assets.nasa.gov/image/GSFC_20171208_Archive_e000946/GSFC_20171208_Archive_e000946~thumb.jpg
Charon's Surface in Detail,http://images.nasa.gov/details-PIA21860.html,PIA21860,https://images-assets.nasa.gov/image/PIA21860/PIA21860~thumb.jpg
"Mountains, Craters and Plains",http://images.nasa.gov/details-PIA20535.html,PIA20535,https://images-assets.nasa.gov/image/PIA20535/PIA20535~thumb.jpg
Pluto Hulk-like Moon Charon: A Possible Ancient Ocean?,http://images.nasa.gov/details-PIA20467.html,PIA20467,https://images-assets.nasa.gov/image/PIA20467/PIA20467~thumb.jpg
Soaring over Charon,http://images.nasa.gov/details-PIA21864.html,PIA21864,https://images-assets.nasa.gov/image/PIA21864/PIA21864~thumb.jpg
Surface Diversity,http://images.nasa.gov/details-PIA20534.html,PIA20534,https://images-assets.nasa.gov/image/PIA20534/PIA20534~thumb.jpg
New Horizons Collects First Science on a Post-Pluto Object,http://images.nasa.gov/details-PIA20589.html,PIA20589,https://images-assets.nasa.gov/image/PIA20589/PIA20589~thumb.jpg
KSC-06pp0104,http://images.nasa.gov/details-KSC-06pp0104.html,KSC-06pp0104,https://images-assets.nasa.gov/image/KSC-06pp0104/KSC-06pp0104~thumb.jpg
KSC-06pp0105,http://images.nasa.gov/details-KSC-06pp0105.html,KSC-06pp0105,https://images-assets.nasa.gov/image/KSC-06pp0105/KSC-06pp0105~thumb.jpg
Sedna Size Comparisons Artist Concept,http://images.nasa.gov/details-PIA05567.html,PIA05567,https://images-assets.nasa.gov/image/PIA05567/PIA05567~thumb.jpg
Newest Member of Our Solar System Artist Concept,http://images.nasa.gov/details-PIA08003.html,PIA08003,https://images-assets.nasa.gov/image/PIA08003/PIA08003~thumb.jpg
KSC-05pd2420,http://images.nasa.gov/details-KSC-05pd2420.html,KSC-05pd2420,https://images-assets.nasa.gov/image/KSC-05pd2420/KSC-05pd2420~thumb.jpg
KSC-05pd2417,http://images.nasa.gov/details-KSC-05pd2417.html,KSC-05pd2417,https://images-assets.nasa.gov/image/KSC-05pd2417/KSC-05pd2417~thumb.jpg
KSC-05pd2424,http://images.nasa.gov/details-KSC-05pd2424.html,KSC-05pd2424,https://images-assets.nasa.gov/image/KSC-05pd2424/KSC-05pd2424~thumb.jpg
KSC-05pd2427,http://images.nasa.gov/details-KSC-05pd2427.html,KSC-05pd2427,https://images-assets.nasa.gov/image/KSC-05pd2427/KSC-05pd2427~thumb.jpg
KSC-05pd2431,http://images.nasa.gov/details-KSC-05pd2431.html,KSC-05pd2431,https://images-assets.nasa.gov/image/KSC-05pd2431/KSC-05pd2431~thumb.jpg
KSC-05pd2433,http://images.nasa.gov/details-KSC-05pd2433.html,KSC-05pd2433,https://images-assets.nasa.gov/image/KSC-05pd2433/KSC-05pd2433~thumb.jpg
KSC-05pd2435,http://images.nasa.gov/details-KSC-05pd2435.html,KSC-05pd2435,https://images-assets.nasa.gov/image/KSC-05pd2435/KSC-05pd2435~thumb.jpg
KSC-05pd2470,http://images.nasa.gov/details-KSC-05pd2470.html,KSC-05pd2470,https://images-assets.nasa.gov/image/KSC-05pd2470/KSC-05pd2470~thumb.jpg
KSC-05pd2473,http://images.nasa.gov/details-KSC-05pd2473.html,KSC-05pd2473,https://images-assets.nasa.gov/image/KSC-05pd2473/KSC-05pd2473~thumb.jpg
KSC-05pd2474,http://images.nasa.gov/details-KSC-05pd2474.html,KSC-05pd2474,https://images-assets.nasa.gov/image/KSC-05pd2474/KSC-05pd2474~thumb.jpg
KSC-05pd2475,http://images.nasa.gov/details-KSC-05pd2475.html,KSC-05pd2475,https://images-assets.nasa.gov/image/KSC-05pd2475/KSC-05pd2475~thumb.jpg
KSC-05pd2418,http://images.nasa.gov/details-KSC-05pd2418.html,KSC-05pd2418,https://images-assets.nasa.gov/image/KSC-05pd2418/KSC-05pd2418~thumb.jpg
KSC-05pd2421,http://images.nasa.gov/details-KSC-05pd2421.html,KSC-05pd2421,https://images-assets.nasa.gov/image/KSC-05pd2421/KSC-05pd2421~thumb.jpg
KSC-05pd2425,http://images.nasa.gov/details-KSC-05pd2425.html,KSC-05pd2425,https://images-assets.nasa.gov/image/KSC-05pd2425/KSC-05pd2425~thumb.jpg
KSC-05pd2426,http://images.nasa.gov/details-KSC-05pd2426.html,KSC-05pd2426,https://images-assets.nasa.gov/image/KSC-05pd2426/KSC-05pd2426~thumb.jpg
KSC-05pd2428,http://images.nasa.gov/details-KSC-05pd2428.html,KSC-05pd2428,https://images-assets.nasa.gov/image/KSC-05pd2428/KSC-05pd2428~thumb.jpg
KSC-05pd2429,http://images.nasa.gov/details-KSC-05pd2429.html,KSC-05pd2429,https://images-assets.nasa.gov/image/KSC-05pd2429/KSC-05pd2429~thumb.jpg
KSC-05pd2430,http://images.nasa.gov/details-KSC-05pd2430.html,KSC-05pd2430,https://images-assets.nasa.gov/image/KSC-05pd2430/KSC-05pd2430~thumb.jpg
KSC-05pd2432,http://images.nasa.gov/details-KSC-05pd2432.html,KSC-05pd2432,https://images-assets.nasa.gov/image/KSC-05pd2432/KSC-05pd2432~thumb.jpg
KSC-05pd2434,http://images.nasa.gov/details-KSC-05pd2434.html,KSC-05pd2434,https://images-assets.nasa.gov/image/KSC-05pd2434/KSC-05pd2434~thumb.jpg
KSC-05pd2436,http://images.nasa.gov/details-KSC-05pd2436.html,KSC-05pd2436,https://images-assets.nasa.gov/image/KSC-05pd2436/KSC-05pd2436~thumb.jpg
KSC-05pd2437,http://images.nasa.gov/details-KSC-05pd2437.html,KSC-05pd2437,https://images-assets.nasa.gov/image/KSC-05pd2437/KSC-05pd2437~thumb.jpg
KSC-05pd2438,http://images.nasa.gov/details-KSC-05pd2438.html,KSC-05pd2438,https://images-assets.nasa.gov/image/KSC-05pd2438/KSC-05pd2438~thumb.jpg
KSC-05pd2439,http://images.nasa.gov/details-KSC-05pd2439.html,KSC-05pd2439,https://images-assets.nasa.gov/image/KSC-05pd2439/KSC-05pd2439~thumb.jpg
KSC-05pd2440,http://images.nasa.gov/details-KSC-05pd2440.html,KSC-05pd2440,https://images-assets.nasa.gov/image/KSC-05pd2440/KSC-05pd2440~thumb.jpg
KSC-05pd2469,http://images.nasa.gov/details-KSC-05pd2469.html,KSC-05pd2469,https://images-assets.nasa.gov/image/KSC-05pd2469/KSC-05pd2469~thumb.jpg
KSC-05pd2471,http://images.nasa.gov/details-KSC-05pd2471.html,KSC-05pd2471,https://images-assets.nasa.gov/image/KSC-05pd2471/KSC-05pd2471~thumb.jpg
KSC-05pd2472,http://images.nasa.gov/details-KSC-05pd2472.html,KSC-05pd2472,https://images-assets.nasa.gov/image/KSC-05pd2472/KSC-05pd2472~thumb.jpg
KSC-05pd2477,http://images.nasa.gov/details-KSC-05pd2477.html,KSC-05pd2477,https://images-assets.nasa.gov/image/KSC-05pd2477/KSC-05pd2477~thumb.jpg
KSC-05pd2422,http://images.nasa.gov/details-KSC-05pd2422.html,KSC-05pd2422,https://images-assets.nasa.gov/image/KSC-05pd2422/KSC-05pd2422~thumb.jpg
KSC-05pd2525,http://images.nasa.gov/details-KSC-05pd2525.html,KSC-05pd2525,https://images-assets.nasa.gov/image/KSC-05pd2525/KSC-05pd2525~thumb.jpg
KSC-05pd2526,http://images.nasa.gov/details-KSC-05pd2526.html,KSC-05pd2526,https://images-assets.nasa.gov/image/KSC-05pd2526/KSC-05pd2526~thumb.jpg
KSC-05pd2528,http://images.nasa.gov/details-KSC-05pd2528.html,KSC-05pd2528,https://images-assets.nasa.gov/image/KSC-05pd2528/KSC-05pd2528~thumb.jpg
KSC-05pd2529,http://images.nasa.gov/details-KSC-05pd2529.html,KSC-05pd2529,https://images-assets.nasa.gov/image/KSC-05pd2529/KSC-05pd2529~thumb.jpg
KSC-05pd2393,http://images.nasa.gov/details-KSC-05pd2393.html,KSC-05pd2393,https://images-assets.nasa.gov/image/KSC-05pd2393/KSC-05pd2393~thumb.jpg
KSC-05pd2423,http://images.nasa.gov/details-KSC-05pd2423.html,KSC-05pd2423,https://images-assets.nasa.gov/image/KSC-05pd2423/KSC-05pd2423~thumb.jpg
KSC-05pd2522,http://images.nasa.gov/details-KSC-05pd2522.html,KSC-05pd2522,https://images-assets.nasa.gov/image/KSC-05pd2522/KSC-05pd2522~thumb.jpg
KSC-05pd2523,http://images.nasa.gov/details-KSC-05pd2523.html,KSC-05pd2523,https://images-assets.nasa.gov/image/KSC-05pd2523/KSC-05pd2523~thumb.jpg
KSC-05pd2524,http://images.nasa.gov/details-KSC-05pd2524.html,KSC-05pd2524,https://images-assets.nasa.gov/image/KSC-05pd2524/KSC-05pd2524~thumb.jpg
KSC-05pd2527,http://images.nasa.gov/details-KSC-05pd2527.html,KSC-05pd2527,https://images-assets.nasa.gov/image/KSC-05pd2527/KSC-05pd2527~thumb.jpg
KSC-05pd2311,http://images.nasa.gov/details-KSC-05pd2311.html,KSC-05pd2311,https://images-assets.nasa.gov/image/KSC-05pd2311/KSC-05pd2311~thumb.jpg
KSC-05pd2312,http://images.nasa.gov/details-KSC-05pd2312.html,KSC-05pd2312,https://images-assets.nasa.gov/image/KSC-05pd2312/KSC-05pd2312~thumb.jpg
KSC-05pd2313,http://images.nasa.gov/details-KSC-05pd2313.html,KSC-05pd2313,https://images-assets.nasa.gov/image/KSC-05pd2313/KSC-05pd2313~thumb.jpg
KSC-05pd2314,http://images.nasa.gov/details-KSC-05pd2314.html,KSC-05pd2314,https://images-assets.nasa.gov/image/KSC-05pd2314/KSC-05pd2314~thumb.jpg
KSC-05pd2319,http://images.nasa.gov/details-KSC-05pd2319.html,KSC-05pd2319,https://images-assets.nasa.gov/image/KSC-05pd2319/KSC-05pd2319~thumb.jpg
KSC-05pd2320,http://images.nasa.gov/details-KSC-05pd2320.html,KSC-05pd2320,https://images-assets.nasa.gov/image/KSC-05pd2320/KSC-05pd2320~thumb.jpg
KSC-05pd2322,http://images.nasa.gov/details-KSC-05pd2322.html,KSC-05pd2322,https://images-assets.nasa.gov/image/KSC-05pd2322/KSC-05pd2322~thumb.jpg
KSC-05pd2323,http://images.nasa.gov/details-KSC-05pd2323.html,KSC-05pd2323,https://images-assets.nasa.gov/image/KSC-05pd2323/KSC-05pd2323~thumb.jpg
KSC-05pd2315,http://images.nasa.gov/details-KSC-05pd2315.html,KSC-05pd2315,https://images-assets.nasa.gov/image/KSC-05pd2315/KSC-05pd2315~thumb.jpg
KSC-05pd2316,http://images.nasa.gov/details-KSC-05pd2316.html,KSC-05pd2316,https://images-assets.nasa.gov/image/KSC-05pd2316/KSC-05pd2316~thumb.jpg
KSC-05pd2317,http://images.nasa.gov/details-KSC-05pd2317.html,KSC-05pd2317,https://images-assets.nasa.gov/image/KSC-05pd2317/KSC-05pd2317~thumb.jpg
KSC-05pd2318,http://images.nasa.gov/details-KSC-05pd2318.html,KSC-05pd2318,https://images-assets.nasa.gov/image/KSC-05pd2318/KSC-05pd2318~thumb.jpg
KSC-05pd2321,http://images.nasa.gov/details-KSC-05pd2321.html,KSC-05pd2321,https://images-assets.nasa.gov/image/KSC-05pd2321/KSC-05pd2321~thumb.jpg
Charon Complexity,http://images.nasa.gov/details-PIA19932.html,PIA19932,https://images-assets.nasa.gov/image/PIA19932/PIA19932~thumb.jpg
Changes on Io,http://images.nasa.gov/details-PIA10099.html,PIA10099,https://images-assets.nasa.gov/image/PIA10099/PIA10099~thumb.jpg
Our Solar System Cousin?  Artist Concept,http://images.nasa.gov/details-PIA10107.html,PIA10107,https://images-assets.nasa.gov/image/PIA10107/PIA10107~thumb.jpg
Icy Hydra,http://images.nasa.gov/details-PIA20581.html,PIA20581,https://images-assets.nasa.gov/image/PIA20581/PIA20581~thumb.jpg
New Horizons Encountering 2014 MU69 (Artist's Impression),http://images.nasa.gov/details-PIA22190.html,PIA22190,https://images-assets.nasa.gov/image/PIA22190/PIA22190~thumb.jpg
Io Eclipse Montage,http://images.nasa.gov/details-PIA10100.html,PIA10100,https://images-assets.nasa.gov/image/PIA10100/PIA10100~thumb.jpg
Transneptunian Object Sizes Artist Concept,http://images.nasa.gov/details-PIA17308.html,PIA17308,https://images-assets.nasa.gov/image/PIA17308/PIA17308~thumb.jpg
KSC-05pd2302,http://images.nasa.gov/details-KSC-05pd2302.html,KSC-05pd2302,https://images-assets.nasa.gov/image/KSC-05pd2302/KSC-05pd2302~thumb.jpg
KSC-05pd2304,http://images.nasa.gov/details-KSC-05pd2304.html,KSC-05pd2304,https://images-assets.nasa.gov/image/KSC-05pd2304/KSC-05pd2304~thumb.jpg
KSC-05pd2306,http://images.nasa.gov/details-KSC-05pd2306.html,KSC-05pd2306,https://images-assets.nasa.gov/image/KSC-05pd2306/KSC-05pd2306~thumb.jpg
KSC-05pd2309,http://images.nasa.gov/details-KSC-05pd2309.html,KSC-05pd2309,https://images-assets.nasa.gov/image/KSC-05pd2309/KSC-05pd2309~thumb.jpg
KSC-05pd2310,http://images.nasa.gov/details-KSC-05pd2310.html,KSC-05pd2310,https://images-assets.nasa.gov/image/KSC-05pd2310/KSC-05pd2310~thumb.jpg
"Sputnik Planum, in Color",http://images.nasa.gov/details-PIA20007.html,PIA20007,https://images-assets.nasa.gov/image/PIA20007/PIA20007~thumb.jpg
Voyager Probes Heliosphere Chart,http://images.nasa.gov/details-PIA22566.html,PIA22566,https://images-assets.nasa.gov/image/PIA22566/PIA22566~thumb.jpg
Wright Stuff,http://images.nasa.gov/details-PIA20361.html,PIA20361,https://images-assets.nasa.gov/image/PIA20361/PIA20361~thumb.jpg
KSC-05pd2452,http://images.nasa.gov/details-KSC-05pd2452.html,KSC-05pd2452,https://images-assets.nasa.gov/image/KSC-05pd2452/KSC-05pd2452~thumb.jpg
KSC-05pd2455,http://images.nasa.gov/details-KSC-05pd2455.html,KSC-05pd2455,https://images-assets.nasa.gov/image/KSC-05pd2455/KSC-05pd2455~thumb.jpg
KSC-05pd2458,http://images.nasa.gov/details-KSC-05pd2458.html,KSC-05pd2458,https://images-assets.nasa.gov/image/KSC-05pd2458/KSC-05pd2458~thumb.jpg
KSC-05pd2460,http://images.nasa.gov/details-KSC-05pd2460.html,KSC-05pd2460,https://images-assets.nasa.gov/image/KSC-05pd2460/KSC-05pd2460~thumb.jpg
KSC-05pd2462,http://images.nasa.gov/details-KSC-05pd2462.html,KSC-05pd2462,https://images-assets.nasa.gov/image/KSC-05pd2462/KSC-05pd2462~thumb.jpg
KSC-05pd2493,http://images.nasa.gov/details-KSC-05pd2493.html,KSC-05pd2493,https://images-assets.nasa.gov/image/KSC-05pd2493/KSC-05pd2493~thumb.jpg
KSC-05pd2494,http://images.nasa.gov/details-KSC-05pd2494.html,KSC-05pd2494,https://images-assets.nasa.gov/image/KSC-05pd2494/KSC-05pd2494~thumb.jpg
KSC-05pd2495,http://images.nasa.gov/details-KSC-05pd2495.html,KSC-05pd2495,https://images-assets.nasa.gov/image/KSC-05pd2495/KSC-05pd2495~thumb.jpg
KSC-05pd2496,http://images.nasa.gov/details-KSC-05pd2496.html,KSC-05pd2496,https://images-assets.nasa.gov/image/KSC-05pd2496/KSC-05pd2496~thumb.jpg
KSC-05pd2453,http://images.nasa.gov/details-KSC-05pd2453.html,KSC-05pd2453,https://images-assets.nasa.gov/image/KSC-05pd2453/KSC-05pd2453~thumb.jpg
KSC-05pd2454,http://images.nasa.gov/details-KSC-05pd2454.html,KSC-05pd2454,https://images-assets.nasa.gov/image/KSC-05pd2454/KSC-05pd2454~thumb.jpg
KSC-05pd2456,http://images.nasa.gov/details-KSC-05pd2456.html,KSC-05pd2456,https://images-assets.nasa.gov/image/KSC-05pd2456/KSC-05pd2456~thumb.jpg
KSC-05pd2457,http://images.nasa.gov/details-KSC-05pd2457.html,KSC-05pd2457,https://images-assets.nasa.gov/image/KSC-05pd2457/KSC-05pd2457~thumb.jpg
KSC-05pd2459,http://images.nasa.gov/details-KSC-05pd2459.html,KSC-05pd2459,https://images-assets.nasa.gov/image/KSC-05pd2459/KSC-05pd2459~thumb.jpg
KSC-05pd2461,http://images.nasa.gov/details-KSC-05pd2461.html,KSC-05pd2461,https://images-assets.nasa.gov/image/KSC-05pd2461/KSC-05pd2461~thumb.jpg
KSC-05pd2497,http://images.nasa.gov/details-KSC-05pd2497.html,KSC-05pd2497,https://images-assets.nasa.gov/image/KSC-05pd2497/KSC-05pd2497~thumb.jpg
KSC-05pd2498,http://images.nasa.gov/details-KSC-05pd2498.html,KSC-05pd2498,https://images-assets.nasa.gov/image/KSC-05pd2498/KSC-05pd2498~thumb.jpg
KSC-05pd2303,http://images.nasa.gov/details-KSC-05pd2303.html,KSC-05pd2303,https://images-assets.nasa.gov/image/KSC-05pd2303/KSC-05pd2303~thumb.jpg
KSC-05pd2305,http://images.nasa.gov/details-KSC-05pd2305.html,KSC-05pd2305,https://images-assets.nasa.gov/image/KSC-05pd2305/KSC-05pd2305~thumb.jpg
KSC-05pd2307,http://images.nasa.gov/details-KSC-05pd2307.html,KSC-05pd2307,https://images-assets.nasa.gov/image/KSC-05pd2307/KSC-05pd2307~thumb.jpg
KSC-05pd2308,http://images.nasa.gov/details-KSC-05pd2308.html,KSC-05pd2308,https://images-assets.nasa.gov/image/KSC-05pd2308/KSC-05pd2308~thumb.jpg
KSC-05pd2407,http://images.nasa.gov/details-KSC-05pd2407.html,KSC-05pd2407,https://images-assets.nasa.gov/image/KSC-05pd2407/KSC-05pd2407~thumb.jpg
KSC-05pd2407a,http://images.nasa.gov/details-KSC-05pd2407a.html,KSC-05pd2407a,https://images-assets.nasa.gov/image/KSC-05pd2407a/KSC-05pd2407a~thumb.jpg
KSC-05pd2408,http://images.nasa.gov/details-KSC-05pd2408.html,KSC-05pd2408,https://images-assets.nasa.gov/image/KSC-05pd2408/KSC-05pd2408~thumb.jpg
KSC-05pd2408a,http://images.nasa.gov/details-KSC-05pd2408a.html,KSC-05pd2408a,https://images-assets.nasa.gov/image/KSC-05pd2408a/KSC-05pd2408a~thumb.jpg
KSC-05pd2409,http://images.nasa.gov/details-KSC-05pd2409.html,KSC-05pd2409,https://images-assets.nasa.gov/image/KSC-05pd2409/KSC-05pd2409~thumb.jpg
KSC-05pd2406,http://images.nasa.gov/details-KSC-05pd2406.html,KSC-05pd2406,https://images-assets.nasa.gov/image/KSC-05pd2406/KSC-05pd2406~thumb.jpg
KSC-06pd0009,http://images.nasa.gov/details-KSC-06pd0009.html,KSC-06pd0009,https://images-assets.nasa.gov/image/KSC-06pd0009/KSC-06pd0009~thumb.jpg
KSC-05pd2648,http://images.nasa.gov/details-KSC-05pd2648.html,KSC-05pd2648,https://images-assets.nasa.gov/image/KSC-05pd2648/KSC-05pd2648~thumb.jpg
KSC-05pd2412,http://images.nasa.gov/details-KSC-05pd2412.html,KSC-05pd2412,https://images-assets.nasa.gov/image/KSC-05pd2412/KSC-05pd2412~thumb.jpg
KSC-06pd0077,http://images.nasa.gov/details-KSC-06pd0077.html,KSC-06pd0077,https://images-assets.nasa.gov/image/KSC-06pd0077/KSC-06pd0077~thumb.jpg
Close-Up of Charon’s ‘Mountain in a Moat’,http://images.nasa.gov/details-PIA19713.html,PIA19713,https://images-assets.nasa.gov/image/PIA19713/PIA19713~thumb.jpg
Disney characters greet prime ASTP crewmen to Florida's Disney World,http://images.nasa.gov/details-S75-24114.html,S75-24114,https://images-assets.nasa.gov/image/S75-24114/S75-24114~thumb.jpg
Two Interstellar Travelers,http://images.nasa.gov/details-PIA22835.html,PIA22835,https://images-assets.nasa.gov/image/PIA22835/PIA22835~thumb.jpg
Star Treatment,http://images.nasa.gov/details-PIA07141.html,PIA07141,https://images-assets.nasa.gov/image/PIA07141/PIA07141~thumb.jpg
Flyover Sputnik Planum,http://images.nasa.gov/details-PIA19951.html,PIA19951,https://images-assets.nasa.gov/image/PIA19951/PIA19951~thumb.jpg
That Makes Five,http://images.nasa.gov/details-PIA11774.html,PIA11774,https://images-assets.nasa.gov/image/PIA11774/PIA11774~thumb.jpg
A Dark Mystery on Charon,http://images.nasa.gov/details-PIA19690.html,PIA19690,https://images-assets.nasa.gov/image/PIA19690/PIA19690~thumb.jpg
Landslides on Charon,http://images.nasa.gov/details-PIA21128.html,PIA21128,https://images-assets.nasa.gov/image/PIA21128/PIA21128~thumb.jpg
New Horizons at Pluto Artist Concept,http://images.nasa.gov/details-PIA10075.html,PIA10075,https://images-assets.nasa.gov/image/PIA10075/PIA10075~thumb.jpg
KSC-05pd2410,http://images.nasa.gov/details-KSC-05pd2410.html,KSC-05pd2410,https://images-assets.nasa.gov/image/KSC-05pd2410/KSC-05pd2410~thumb.jpg
KSC-05pd2411,http://images.nasa.gov/details-KSC-05pd2411.html,KSC-05pd2411,https://images-assets.nasa.gov/image/KSC-05pd2411/KSC-05pd2411~thumb.jpg
KSC-05pd2413,http://images.nasa.gov/details-KSC-05pd2413.html,KSC-05pd2413,https://images-assets.nasa.gov/image/KSC-05pd2413/KSC-05pd2413~thumb.jpg
KSC-05pd2414,http://images.nasa.gov/details-KSC-05pd2414.html,KSC-05pd2414,https://images-assets.nasa.gov/image/KSC-05pd2414/KSC-05pd2414~thumb.jpg
KSC-05pd2415,http://images.nasa.gov/details-KSC-05pd2415.html,KSC-05pd2415,https://images-assets.nasa.gov/image/KSC-05pd2415/KSC-05pd2415~thumb.jpg
KSC-05pd2416,http://images.nasa.gov/details-KSC-05pd2416.html,KSC-05pd2416,https://images-assets.nasa.gov/image/KSC-05pd2416/KSC-05pd2416~thumb.jpg
The Youngest Crater on Charon?,http://images.nasa.gov/details-PIA20036.html,PIA20036,https://images-assets.nasa.gov/image/PIA20036/PIA20036~thumb.jpg
Charon in Enhanced Color,http://images.nasa.gov/details-PIA19968.html,PIA19968,https://images-assets.nasa.gov/image/PIA19968/PIA19968~thumb.jpg
KSC-05pd2264,http://images.nasa.gov/details-KSC-05pd2264.html,KSC-05pd2264,https://images-assets.nasa.gov/image/KSC-05pd2264/KSC-05pd2264~thumb.jpg
KSC-05pd2266,http://images.nasa.gov/details-KSC-05pd2266.html,KSC-05pd2266,https://images-assets.nasa.gov/image/KSC-05pd2266/KSC-05pd2266~thumb.jpg
KSC-05pd2267,http://images.nasa.gov/details-KSC-05pd2267.html,KSC-05pd2267,https://images-assets.nasa.gov/image/KSC-05pd2267/KSC-05pd2267~thumb.jpg
KSC-05pd2268,http://images.nasa.gov/details-KSC-05pd2268.html,KSC-05pd2268,https://images-assets.nasa.gov/image/KSC-05pd2268/KSC-05pd2268~thumb.jpg
KSC-05pd2269,http://images.nasa.gov/details-KSC-05pd2269.html,KSC-05pd2269,https://images-assets.nasa.gov/image/KSC-05pd2269/KSC-05pd2269~thumb.jpg
KSC-05pd2273,http://images.nasa.gov/details-KSC-05pd2273.html,KSC-05pd2273,https://images-assets.nasa.gov/image/KSC-05pd2273/KSC-05pd2273~thumb.jpg
KSC-05pd2284,http://images.nasa.gov/details-KSC-05pd2284.html,KSC-05pd2284,https://images-assets.nasa.gov/image/KSC-05pd2284/KSC-05pd2284~thumb.jpg
KSC-05pd2288,http://images.nasa.gov/details-KSC-05pd2288.html,KSC-05pd2288,https://images-assets.nasa.gov/image/KSC-05pd2288/KSC-05pd2288~thumb.jpg
KSC-05pd2289,http://images.nasa.gov/details-KSC-05pd2289.html,KSC-05pd2289,https://images-assets.nasa.gov/image/KSC-05pd2289/KSC-05pd2289~thumb.jpg
KSC-05pd2265,http://images.nasa.gov/details-KSC-05pd2265.html,KSC-05pd2265,https://images-assets.nasa.gov/image/KSC-05pd2265/KSC-05pd2265~thumb.jpg
KSC-05pd2270,http://images.nasa.gov/details-KSC-05pd2270.html,KSC-05pd2270,https://images-assets.nasa.gov/image/KSC-05pd2270/KSC-05pd2270~thumb.jpg
KSC-05pd2274,http://images.nasa.gov/details-KSC-05pd2274.html,KSC-05pd2274,https://images-assets.nasa.gov/image/KSC-05pd2274/KSC-05pd2274~thumb.jpg
KSC-05pd2283,http://images.nasa.gov/details-KSC-05pd2283.html,KSC-05pd2283,https://images-assets.nasa.gov/image/KSC-05pd2283/KSC-05pd2283~thumb.jpg
KSC-05pd2286,http://images.nasa.gov/details-KSC-05pd2286.html,KSC-05pd2286,https://images-assets.nasa.gov/image/KSC-05pd2286/KSC-05pd2286~thumb.jpg
KSC-05pd2287,http://images.nasa.gov/details-KSC-05pd2287.html,KSC-05pd2287,https://images-assets.nasa.gov/image/KSC-05pd2287/KSC-05pd2287~thumb.jpg
KSC-98pc1758,http://images.nasa.gov/details-KSC-98pc1758.html,KSC-98pc1758,https://images-assets.nasa.gov/image/KSC-98pc1758/KSC-98pc1758~thumb.jpg
KSC-06pd0068,http://images.nasa.gov/details-KSC-06pd0068.html,KSC-06pd0068,https://images-assets.nasa.gov/image/KSC-06pd0068/KSC-06pd0068~thumb.jpg
KSC-06pd0069,http://images.nasa.gov/details-KSC-06pd0069.html,KSC-06pd0069,https://images-assets.nasa.gov/image/KSC-06pd0069/KSC-06pd0069~thumb.jpg
KSC-06pd0070,http://images.nasa.gov/details-KSC-06pd0070.html,KSC-06pd0070,https://images-assets.nasa.gov/image/KSC-06pd0070/KSC-06pd0070~thumb.jpg
KSC-06pd0072,http://images.nasa.gov/details-KSC-06pd0072.html,KSC-06pd0072,https://images-assets.nasa.gov/image/KSC-06pd0072/KSC-06pd0072~thumb.jpg
KSC-06pd0075,http://images.nasa.gov/details-KSC-06pd0075.html,KSC-06pd0075,https://images-assets.nasa.gov/image/KSC-06pd0075/KSC-06pd0075~thumb.jpg
KSC-06pp0106,http://images.nasa.gov/details-KSC-06pp0106.html,KSC-06pp0106,https://images-assets.nasa.gov/image/KSC-06pp0106/KSC-06pp0106~thumb.jpg
KSC-06pd0066,http://images.nasa.gov/details-KSC-06pd0066.html,KSC-06pd0066,https://images-assets.nasa.gov/image/KSC-06pd0066/KSC-06pd0066~thumb.jpg
KSC-06pd0067,http://images.nasa.gov/details-KSC-06pd0067.html,KSC-06pd0067,https://images-assets.nasa.gov/image/KSC-06pd0067/KSC-06pd0067~thumb.jpg
KSC-06pd0071,http://images.nasa.gov/details-KSC-06pd0071.html,KSC-06pd0071,https://images-assets.nasa.gov/image/KSC-06pd0071/KSC-06pd0071~thumb.jpg
KSC-06pd0073,http://images.nasa.gov/details-KSC-06pd0073.html,KSC-06pd0073,https://images-assets.nasa.gov/image/KSC-06pd0073/KSC-06pd0073~thumb.jpg
KSC-06pd0074,http://images.nasa.gov/details-KSC-06pd0074.html,KSC-06pd0074,https://images-assets.nasa.gov/image/KSC-06pd0074/KSC-06pd0074~thumb.jpg
KSC-06pd0076,http://images.nasa.gov/details-KSC-06pd0076.html,KSC-06pd0076,https://images-assets.nasa.gov/image/KSC-06pd0076/KSC-06pd0076~thumb.jpg
KSC-06pd0079,http://images.nasa.gov/details-KSC-06pd0079.html,KSC-06pd0079,https://images-assets.nasa.gov/image/KSC-06pd0079/KSC-06pd0079~thumb.jpg
Flying over Charon,http://images.nasa.gov/details-PIA19965.html,PIA19965,https://images-assets.nasa.gov/image/PIA19965/PIA19965~thumb.jpg
Massive Smash-up at Vega  Artist Concept,http://images.nasa.gov/details-PIA07217.html,PIA07217,https://images-assets.nasa.gov/image/PIA07217/PIA07217~thumb.jpg
KSC-05pd2447,http://images.nasa.gov/details-KSC-05pd2447.html,KSC-05pd2447,https://images-assets.nasa.gov/image/KSC-05pd2447/KSC-05pd2447~thumb.jpg
KSC-05pd2578,http://images.nasa.gov/details-KSC-05pd2578.html,KSC-05pd2578,https://images-assets.nasa.gov/image/KSC-05pd2578/KSC-05pd2578~thumb.jpg
KSC-05pd2581,http://images.nasa.gov/details-KSC-05pd2581.html,KSC-05pd2581,https://images-assets.nasa.gov/image/KSC-05pd2581/KSC-05pd2581~thumb.jpg
KSC-05pd2442,http://images.nasa.gov/details-KSC-05pd2442.html,KSC-05pd2442,https://images-assets.nasa.gov/image/KSC-05pd2442/KSC-05pd2442~thumb.jpg
KSC-05pd2443,http://images.nasa.gov/details-KSC-05pd2443.html,KSC-05pd2443,https://images-assets.nasa.gov/image/KSC-05pd2443/KSC-05pd2443~thumb.jpg
KSC-05pd2444,http://images.nasa.gov/details-KSC-05pd2444.html,KSC-05pd2444,https://images-assets.nasa.gov/image/KSC-05pd2444/KSC-05pd2444~thumb.jpg
KSC-05pd2445,http://images.nasa.gov/details-KSC-05pd2445.html,KSC-05pd2445,https://images-assets.nasa.gov/image/KSC-05pd2445/KSC-05pd2445~thumb.jpg
KSC-05pd2446,http://images.nasa.gov/details-KSC-05pd2446.html,KSC-05pd2446,https://images-assets.nasa.gov/image/KSC-05pd2446/KSC-05pd2446~thumb.jpg
KSC-05pd2555,http://images.nasa.gov/details-KSC-05pd2555.html,KSC-05pd2555,https://images-assets.nasa.gov/image/KSC-05pd2555/KSC-05pd2555~thumb.jpg
KSC-05pd2556,http://images.nasa.gov/details-KSC-05pd2556.html,KSC-05pd2556,https://images-assets.nasa.gov/image/KSC-05pd2556/KSC-05pd2556~thumb.jpg
KSC-05pd2575,http://images.nasa.gov/details-KSC-05pd2575.html,KSC-05pd2575,https://images-assets.nasa.gov/image/KSC-05pd2575/KSC-05pd2575~thumb.jpg
KSC-05pd2579,http://images.nasa.gov/details-KSC-05pd2579.html,KSC-05pd2579,https://images-assets.nasa.gov/image/KSC-05pd2579/KSC-05pd2579~thumb.jpg
KSC-05pd2580,http://images.nasa.gov/details-KSC-05pd2580.html,KSC-05pd2580,https://images-assets.nasa.gov/image/KSC-05pd2580/KSC-05pd2580~thumb.jpg
KSC-06pd0107,http://images.nasa.gov/details-KSC-06pd0107.html,KSC-06pd0107,https://images-assets.nasa.gov/image/KSC-06pd0107/KSC-06pd0107~thumb.jpg
KSC-06pd0147,http://images.nasa.gov/details-KSC-06pd0147.html,KSC-06pd0147,https://images-assets.nasa.gov/image/KSC-06pd0147/KSC-06pd0147~thumb.jpg
KSC-06pd0148,http://images.nasa.gov/details-KSC-06pd0148.html,KSC-06pd0148,https://images-assets.nasa.gov/image/KSC-06pd0148/KSC-06pd0148~thumb.jpg
KSC-06pd0151,http://images.nasa.gov/details-KSC-06pd0151.html,KSC-06pd0151,https://images-assets.nasa.gov/image/KSC-06pd0151/KSC-06pd0151~thumb.jpg
KSC-06pd0152,http://images.nasa.gov/details-KSC-06pd0152.html,KSC-06pd0152,https://images-assets.nasa.gov/image/KSC-06pd0152/KSC-06pd0152~thumb.jpg
KSC-06pd0145,http://images.nasa.gov/details-KSC-06pd0145.html,KSC-06pd0145,https://images-assets.nasa.gov/image/KSC-06pd0145/KSC-06pd0145~thumb.jpg
KSC-06pd0146,http://images.nasa.gov/details-KSC-06pd0146.html,KSC-06pd0146,https://images-assets.nasa.gov/image/KSC-06pd0146/KSC-06pd0146~thumb.jpg
KSC-06pd0149,http://images.nasa.gov/details-KSC-06pd0149.html,KSC-06pd0149,https://images-assets.nasa.gov/image/KSC-06pd0149/KSC-06pd0149~thumb.jpg
KSC-06pd0150,http://images.nasa.gov/details-KSC-06pd0150.html,KSC-06pd0150,https://images-assets.nasa.gov/image/KSC-06pd0150/KSC-06pd0150~thumb.jpg
KSC-05pd2277,http://images.nasa.gov/details-KSC-05pd2277.html,KSC-05pd2277,https://images-assets.nasa.gov/image/KSC-05pd2277/KSC-05pd2277~thumb.jpg
KSC-05pd2271,http://images.nasa.gov/details-KSC-05pd2271.html,KSC-05pd2271,https://images-assets.nasa.gov/image/KSC-05pd2271/KSC-05pd2271~thumb.jpg
KSC-05pd2275,http://images.nasa.gov/details-KSC-05pd2275.html,KSC-05pd2275,https://images-assets.nasa.gov/image/KSC-05pd2275/KSC-05pd2275~thumb.jpg
KSC-05pd2276,http://images.nasa.gov/details-KSC-05pd2276.html,KSC-05pd2276,https://images-assets.nasa.gov/image/KSC-05pd2276/KSC-05pd2276~thumb.jpg
Bright Spots on Charon,http://images.nasa.gov/details-PIA19704.html,PIA19704,https://images-assets.nasa.gov/image/PIA19704/PIA19704~thumb.jpg
Charon Surprising Youthful and Varied Terrain,http://images.nasa.gov/details-PIA19709.html,PIA19709,https://images-assets.nasa.gov/image/PIA19709/PIA19709~thumb.jpg
The Coming and Going of Ice,http://images.nasa.gov/details-PIA20208.html,PIA20208,https://images-assets.nasa.gov/image/PIA20208/PIA20208~thumb.jpg
KSC-05pd2450,http://images.nasa.gov/details-KSC-05pd2450.html,KSC-05pd2450,https://images-assets.nasa.gov/image/KSC-05pd2450/KSC-05pd2450~thumb.jpg
KSC-05pd2451,http://images.nasa.gov/details-KSC-05pd2451.html,KSC-05pd2451,https://images-assets.nasa.gov/image/KSC-05pd2451/KSC-05pd2451~thumb.jpg
KSC-05pd2539,http://images.nasa.gov/details-KSC-05pd2539.html,KSC-05pd2539,https://images-assets.nasa.gov/image/KSC-05pd2539/KSC-05pd2539~thumb.jpg
KSC-05pd2541,http://images.nasa.gov/details-KSC-05pd2541.html,KSC-05pd2541,https://images-assets.nasa.gov/image/KSC-05pd2541/KSC-05pd2541~thumb.jpg
KSC-05pd2542,http://images.nasa.gov/details-KSC-05pd2542.html,KSC-05pd2542,https://images-assets.nasa.gov/image/KSC-05pd2542/KSC-05pd2542~thumb.jpg
KSC-05pd2550,http://images.nasa.gov/details-KSC-05pd2550.html,KSC-05pd2550,https://images-assets.nasa.gov/image/KSC-05pd2550/KSC-05pd2550~thumb.jpg
KSC-05pd2551,http://images.nasa.gov/details-KSC-05pd2551.html,KSC-05pd2551,https://images-assets.nasa.gov/image/KSC-05pd2551/KSC-05pd2551~thumb.jpg
KSC-05pd2552,http://images.nasa.gov/details-KSC-05pd2552.html,KSC-05pd2552,https://images-assets.nasa.gov/image/KSC-05pd2552/KSC-05pd2552~thumb.jpg
KSC-05pd2559,http://images.nasa.gov/details-KSC-05pd2559.html,KSC-05pd2559,https://images-assets.nasa.gov/image/KSC-05pd2559/KSC-05pd2559~thumb.jpg
KSC-05pd2577,http://images.nasa.gov/details-KSC-05pd2577.html,KSC-05pd2577,https://images-assets.nasa.gov/image/KSC-05pd2577/KSC-05pd2577~thumb.jpg
KSC-05pd2540,http://images.nasa.gov/details-KSC-05pd2540.html,KSC-05pd2540,https://images-assets.nasa.gov/image/KSC-05pd2540/KSC-05pd2540~thumb.jpg
KSC-05pd2547,http://images.nasa.gov/details-KSC-05pd2547.html,KSC-05pd2547,https://images-assets.nasa.gov/image/KSC-05pd2547/KSC-05pd2547~thumb.jpg
KSC-05pd2548,http://images.nasa.gov/details-KSC-05pd2548.html,KSC-05pd2548,https://images-assets.nasa.gov/image/KSC-05pd2548/KSC-05pd2548~thumb.jpg
KSC-05pd2549,http://images.nasa.gov/details-KSC-05pd2549.html,KSC-05pd2549,https://images-assets.nasa.gov/image/KSC-05pd2549/KSC-05pd2549~thumb.jpg
KSC-05pd2553,http://images.nasa.gov/details-KSC-05pd2553.html,KSC-05pd2553,https://images-assets.nasa.gov/image/KSC-05pd2553/KSC-05pd2553~thumb.jpg
KSC-05pd2554,http://images.nasa.gov/details-KSC-05pd2554.html,KSC-05pd2554,https://images-assets.nasa.gov/image/KSC-05pd2554/KSC-05pd2554~thumb.jpg
KSC-05pd2558,http://images.nasa.gov/details-KSC-05pd2558.html,KSC-05pd2558,https://images-assets.nasa.gov/image/KSC-05pd2558/KSC-05pd2558~thumb.jpg
KSC-05pd2576,http://images.nasa.gov/details-KSC-05pd2576.html,KSC-05pd2576,https://images-assets.nasa.gov/image/KSC-05pd2576/KSC-05pd2576~thumb.jpg
Hubble Finds Tenth Planet is Slightly Larger than Pluto Artist Concept,http://images.nasa.gov/details-PIA17801.html,PIA17801,https://images-assets.nasa.gov/image/PIA17801/PIA17801~thumb.jpg
KSC-06pd0024,http://images.nasa.gov/details-KSC-06pd0024.html,KSC-06pd0024,https://images-assets.nasa.gov/image/KSC-06pd0024/KSC-06pd0024~thumb.jpg
KSC-06pd0026,http://images.nasa.gov/details-KSC-06pd0026.html,KSC-06pd0026,https://images-assets.nasa.gov/image/KSC-06pd0026/KSC-06pd0026~thumb.jpg
KSC-06pd0030,http://images.nasa.gov/details-KSC-06pd0030.html,KSC-06pd0030,https://images-assets.nasa.gov/image/KSC-06pd0030/KSC-06pd0030~thumb.jpg
KSC-06pd0031,http://images.nasa.gov/details-KSC-06pd0031.html,KSC-06pd0031,https://images-assets.nasa.gov/image/KSC-06pd0031/KSC-06pd0031~thumb.jpg
KSC-05pd2543,http://images.nasa.gov/details-KSC-05pd2543.html,KSC-05pd2543,https://images-assets.nasa.gov/image/KSC-05pd2543/KSC-05pd2543~thumb.jpg
KSC-06pd0023,http://images.nasa.gov/details-KSC-06pd0023.html,KSC-06pd0023,https://images-assets.nasa.gov/image/KSC-06pd0023/KSC-06pd0023~thumb.jpg
KSC-06pd0025,http://images.nasa.gov/details-KSC-06pd0025.html,KSC-06pd0025,https://images-assets.nasa.gov/image/KSC-06pd0025/KSC-06pd0025~thumb.jpg
KSC-06pd0032,http://images.nasa.gov/details-KSC-06pd0032.html,KSC-06pd0032,https://images-assets.nasa.gov/image/KSC-06pd0032/KSC-06pd0032~thumb.jpg
KSC-08pd1674,http://images.nasa.gov/details-KSC-08pd1674.html,KSC-08pd1674,https://images-assets.nasa.gov/image/KSC-08pd1674/KSC-08pd1674~thumb.jpg
KSC-08pd1675,http://images.nasa.gov/details-KSC-08pd1675.html,KSC-08pd1675,https://images-assets.nasa.gov/image/KSC-08pd1675/KSC-08pd1675~thumb.jpg
KSC-08pd1678,http://images.nasa.gov/details-KSC-08pd1678.html,KSC-08pd1678,https://images-assets.nasa.gov/image/KSC-08pd1678/KSC-08pd1678~thumb.jpg
KSC-08pd1681,http://images.nasa.gov/details-KSC-08pd1681.html,KSC-08pd1681,https://images-assets.nasa.gov/image/KSC-08pd1681/KSC-08pd1681~thumb.jpg
KSC-08pd1682,http://images.nasa.gov/details-KSC-08pd1682.html,KSC-08pd1682,https://images-assets.nasa.gov/image/KSC-08pd1682/KSC-08pd1682~thumb.jpg
KSC-08pd1683,http://images.nasa.gov/details-KSC-08pd1683.html,KSC-08pd1683,https://images-assets.nasa.gov/image/KSC-08pd1683/KSC-08pd1683~thumb.jpg
KSC-08pd1685,http://images.nasa.gov/details-KSC-08pd1685.html,KSC-08pd1685,https://images-assets.nasa.gov/image/KSC-08pd1685/KSC-08pd1685~thumb.jpg
KSC-08pd1868,http://images.nasa.gov/details-KSC-08pd1868.html,KSC-08pd1868,https://images-assets.nasa.gov/image/KSC-08pd1868/KSC-08pd1868~thumb.jpg
KSC-08pd1871,http://images.nasa.gov/details-KSC-08pd1871.html,KSC-08pd1871,https://images-assets.nasa.gov/image/KSC-08pd1871/KSC-08pd1871~thumb.jpg
KSC-08pd2042,http://images.nasa.gov/details-KSC-08pd2042.html,KSC-08pd2042,https://images-assets.nasa.gov/image/KSC-08pd2042/KSC-08pd2042~thumb.jpg
KSC-08pd2399,http://images.nasa.gov/details-KSC-08pd2399.html,KSC-08pd2399,https://images-assets.nasa.gov/image/KSC-08pd2399/KSC-08pd2399~thumb.jpg
KSC-08pd2401,http://images.nasa.gov/details-KSC-08pd2401.html,KSC-08pd2401,https://images-assets.nasa.gov/image/KSC-08pd2401/KSC-08pd2401~thumb.jpg
KSC-08pd2407,http://images.nasa.gov/details-KSC-08pd2407.html,KSC-08pd2407,https://images-assets.nasa.gov/image/KSC-08pd2407/KSC-08pd2407~thumb.jpg
KSC-08pd2408,http://images.nasa.gov/details-KSC-08pd2408.html,KSC-08pd2408,https://images-assets.nasa.gov/image/KSC-08pd2408/KSC-08pd2408~thumb.jpg
KSC-08pd2410,http://images.nasa.gov/details-KSC-08pd2410.html,KSC-08pd2410,https://images-assets.nasa.gov/image/KSC-08pd2410/KSC-08pd2410~thumb.jpg
KSC-08pd2411,http://images.nasa.gov/details-KSC-08pd2411.html,KSC-08pd2411,https://images-assets.nasa.gov/image/KSC-08pd2411/KSC-08pd2411~thumb.jpg
KSC-08pd2412,http://images.nasa.gov/details-KSC-08pd2412.html,KSC-08pd2412,https://images-assets.nasa.gov/image/KSC-08pd2412/KSC-08pd2412~thumb.jpg
KSC-08pd2413,http://images.nasa.gov/details-KSC-08pd2413.html,KSC-08pd2413,https://images-assets.nasa.gov/image/KSC-08pd2413/KSC-08pd2413~thumb.jpg
KSC-08pd2417,http://images.nasa.gov/details-KSC-08pd2417.html,KSC-08pd2417,https://images-assets.nasa.gov/image/KSC-08pd2417/KSC-08pd2417~thumb.jpg
KSC-08pd2504,http://images.nasa.gov/details-KSC-08pd2504.html,KSC-08pd2504,https://images-assets.nasa.gov/image/KSC-08pd2504/KSC-08pd2504~thumb.jpg
KSC-08pd2507,http://images.nasa.gov/details-KSC-08pd2507.html,KSC-08pd2507,https://images-assets.nasa.gov/image/KSC-08pd2507/KSC-08pd2507~thumb.jpg
KSC-08pd2510,http://images.nasa.gov/details-KSC-08pd2510.html,KSC-08pd2510,https://images-assets.nasa.gov/image/KSC-08pd2510/KSC-08pd2510~thumb.jpg
KSC-08pd2512,http://images.nasa.gov/details-KSC-08pd2512.html,KSC-08pd2512,https://images-assets.nasa.gov/image/KSC-08pd2512/KSC-08pd2512~thumb.jpg
KSC-08pd1673,http://images.nasa.gov/details-KSC-08pd1673.html,KSC-08pd1673,https://images-assets.nasa.gov/image/KSC-08pd1673/KSC-08pd1673~thumb.jpg
KSC-08pd1676,http://images.nasa.gov/details-KSC-08pd1676.html,KSC-08pd1676,https://images-assets.nasa.gov/image/KSC-08pd1676/KSC-08pd1676~thumb.jpg
KSC-08pd1677,http://images.nasa.gov/details-KSC-08pd1677.html,KSC-08pd1677,https://images-assets.nasa.gov/image/KSC-08pd1677/KSC-08pd1677~thumb.jpg
KSC-08pd1679,http://images.nasa.gov/details-KSC-08pd1679.html,KSC-08pd1679,https://images-assets.nasa.gov/image/KSC-08pd1679/KSC-08pd1679~thumb.jpg
KSC-08pd1680,http://images.nasa.gov/details-KSC-08pd1680.html,KSC-08pd1680,https://images-assets.nasa.gov/image/KSC-08pd1680/KSC-08pd1680~thumb.jpg
KSC-08pd1684,http://images.nasa.gov/details-KSC-08pd1684.html,KSC-08pd1684,https://images-assets.nasa.gov/image/KSC-08pd1684/KSC-08pd1684~thumb.jpg
KSC-08pd1686,http://images.nasa.gov/details-KSC-08pd1686.html,KSC-08pd1686,https://images-assets.nasa.gov/image/KSC-08pd1686/KSC-08pd1686~thumb.jpg
KSC-08pd1863,http://images.nasa.gov/details-KSC-08pd1863.html,KSC-08pd1863,https://images-assets.nasa.gov/image/KSC-08pd1863/KSC-08pd1863~thumb.jpg
KSC-08pd1864,http://images.nasa.gov/details-KSC-08pd1864.html,KSC-08pd1864,https://images-assets.nasa.gov/image/KSC-08pd1864/KSC-08pd1864~thumb.jpg
KSC-08pd1865,http://images.nasa.gov/details-KSC-08pd1865.html,KSC-08pd1865,https://images-assets.nasa.gov/image/KSC-08pd1865/KSC-08pd1865~thumb.jpg
KSC-08pd1866,http://images.nasa.gov/details-KSC-08pd1866.html,KSC-08pd1866,https://images-assets.nasa.gov/image/KSC-08pd1866/KSC-08pd1866~thumb.jpg
KSC-08pd1867,http://images.nasa.gov/details-KSC-08pd1867.html,KSC-08pd1867,https://images-assets.nasa.gov/image/KSC-08pd1867/KSC-08pd1867~thumb.jpg
KSC-08pd1869,http://images.nasa.gov/details-KSC-08pd1869.html,KSC-08pd1869,https://images-assets.nasa.gov/image/KSC-08pd1869/KSC-08pd1869~thumb.jpg
KSC-08pd1870,http://images.nasa.gov/details-KSC-08pd1870.html,KSC-08pd1870,https://images-assets.nasa.gov/image/KSC-08pd1870/KSC-08pd1870~thumb.jpg
KSC-08pd2043,http://images.nasa.gov/details-KSC-08pd2043.html,KSC-08pd2043,https://images-assets.nasa.gov/image/KSC-08pd2043/KSC-08pd2043~thumb.jpg
KSC-08pd2400,http://images.nasa.gov/details-KSC-08pd2400.html,KSC-08pd2400,https://images-assets.nasa.gov/image/KSC-08pd2400/KSC-08pd2400~thumb.jpg
KSC-08pd2402,http://images.nasa.gov/details-KSC-08pd2402.html,KSC-08pd2402,https://images-assets.nasa.gov/image/KSC-08pd2402/KSC-08pd2402~thumb.jpg
KSC-08pd2403,http://images.nasa.gov/details-KSC-08pd2403.html,KSC-08pd2403,https://images-assets.nasa.gov/image/KSC-08pd2403/KSC-08pd2403~thumb.jpg
KSC-08pd2404,http://images.nasa.gov/details-KSC-08pd2404.html,KSC-08pd2404,https://images-assets.nasa.gov/image/KSC-08pd2404/KSC-08pd2404~thumb.jpg
KSC-08pd2405,http://images.nasa.gov/details-KSC-08pd2405.html,KSC-08pd2405,https://images-assets.nasa.gov/image/KSC-08pd2405/KSC-08pd2405~thumb.jpg
KSC-08pd2406,http://images.nasa.gov/details-KSC-08pd2406.html,KSC-08pd2406,https://images-assets.nasa.gov/image/KSC-08pd2406/KSC-08pd2406~thumb.jpg
KSC-08pd2409,http://images.nasa.gov/details-KSC-08pd2409.html,KSC-08pd2409,https://images-assets.nasa.gov/image/KSC-08pd2409/KSC-08pd2409~thumb.jpg
KSC-08pd2414,http://images.nasa.gov/details-KSC-08pd2414.html,KSC-08pd2414,https://images-assets.nasa.gov/image/KSC-08pd2414/KSC-08pd2414~thumb.jpg
KSC-08pd2415,http://images.nasa.gov/details-KSC-08pd2415.html,KSC-08pd2415,https://images-assets.nasa.gov/image/KSC-08pd2415/KSC-08pd2415~thumb.jpg
KSC-08pd2416,http://images.nasa.gov/details-KSC-08pd2416.html,KSC-08pd2416,https://images-assets.nasa.gov/image/KSC-08pd2416/KSC-08pd2416~thumb.jpg
KSC-08pd2418,http://images.nasa.gov/details-KSC-08pd2418.html,KSC-08pd2418,https://images-assets.nasa.gov/image/KSC-08pd2418/KSC-08pd2418~thumb.jpg
KSC-08pd2419,http://images.nasa.gov/details-KSC-08pd2419.html,KSC-08pd2419,https://images-assets.nasa.gov/image/KSC-08pd2419/KSC-08pd2419~thumb.jpg
KSC-08pd2420,http://images.nasa.gov/details-KSC-08pd2420.html,KSC-08pd2420,https://images-assets.nasa.gov/image/KSC-08pd2420/KSC-08pd2420~thumb.jpg
KSC-08pd2421,http://images.nasa.gov/details-KSC-08pd2421.html,KSC-08pd2421,https://images-assets.nasa.gov/image/KSC-08pd2421/KSC-08pd2421~thumb.jpg
KSC-08pd2505,http://images.nasa.gov/details-KSC-08pd2505.html,KSC-08pd2505,https://images-assets.nasa.gov/image/KSC-08pd2505/KSC-08pd2505~thumb.jpg
KSC-08pd2506,http://images.nasa.gov/details-KSC-08pd2506.html,KSC-08pd2506,https://images-assets.nasa.gov/image/KSC-08pd2506/KSC-08pd2506~thumb.jpg
KSC-08pd2508,http://images.nasa.gov/details-KSC-08pd2508.html,KSC-08pd2508,https://images-assets.nasa.gov/image/KSC-08pd2508/KSC-08pd2508~thumb.jpg
KSC-08pd2509,http://images.nasa.gov/details-KSC-08pd2509.html,KSC-08pd2509,https://images-assets.nasa.gov/image/KSC-08pd2509/KSC-08pd2509~thumb.jpg
KSC-08pd2511,http://images.nasa.gov/details-KSC-08pd2511.html,KSC-08pd2511,https://images-assets.nasa.gov/image/KSC-08pd2511/KSC-08pd2511~thumb.jpg
KSC-08pd2513,http://images.nasa.gov/details-KSC-08pd2513.html,KSC-08pd2513,https://images-assets.nasa.gov/image/KSC-08pd2513/KSC-08pd2513~thumb.jpg
KSC-08pd2514,http://images.nasa.gov/details-KSC-08pd2514.html,KSC-08pd2514,https://images-assets.nasa.gov/image/KSC-08pd2514/KSC-08pd2514~thumb.jpg
KSC-08pd2515,http://images.nasa.gov/details-KSC-08pd2515.html,KSC-08pd2515,https://images-assets.nasa.gov/image/KSC-08pd2515/KSC-08pd2515~thumb.jpg
Not So Titanic,http://images.nasa.gov/details-PIA18326.html,PIA18326,https://images-assets.nasa.gov/image/PIA18326/PIA18326~thumb.jpg
Solar System Portrait - Views of 6 Planets,http://images.nasa.gov/details-PIA00453.html,PIA00453,https://images-assets.nasa.gov/image/PIA00453/PIA00453~thumb.jpg
"Tiny Particles, So Far Away",http://images.nasa.gov/details-PIA07218.html,PIA07218,https://images-assets.nasa.gov/image/PIA07218/PIA07218~thumb.jpg
Landslides in a Charon Chasm,http://images.nasa.gov/details-PIA21129.html,PIA21129,https://images-assets.nasa.gov/image/PIA21129/PIA21129~thumb.jpg
