http://georgiaencyclopedia.org/file/8496,Entomopter artificial insect,e5d6358cf4f6acf5ebf06ac9ad7a4f89
http://digitalcollections.nypl.org/items/b6e9b8e0-9d6c-0135-2b80-6f3ddc10cd36,Lead (arzîz) associated with Jupiter (Mushtarî) [top]; Iron (âhan) associated with the planet Mars (Mirrîkh) [bottom],09854a6f763dab63f7df398fd47ba5d8
http://catalog.archives.gov/id/22920031,['STS070-391-028 - STS-070 - Views of earth limb horizon during sunrise with Mars and Venus rising'],255793df8bd98898ebd5adbb3c249210
http://catalog.archives.gov/id/22920005,['STS070-391-015 - STS-070 - Views of earth limb horizon during sunrise with Mars and Venus rising'],6de7c6b5193199230a188eb1ea5aba3f
http://catalog.archives.gov/id/22920015,['STS070-391-020 - STS-070 - Views of earth limb horizon during sunrise with Mars and Venus rising'],714feb9133a00adeb6ef17185f561fb2
http://catalog.archives.gov/id/22920027,['STS070-391-026 - STS-070 - Views of earth limb horizon during sunrise with Mars and Venus rising'],aba024c46ca7a835b516b9b59fc3d5d4
http://catalog.archives.gov/id/22920023,['STS070-391-024 - STS-070 - Views of earth limb horizon during sunrise with Mars and Venus rising'],becc4ca1bbfc617dfb249ad94279219a
http://catalog.archives.gov/id/22920007,['STS070-391-016 - STS-070 - Views of earth limb horizon during sunrise with Mars and Venus rising'],2844ce9fee6360a2bcf0f549e95be202
http://catalog.archives.gov/id/22920013,['STS070-391-019 - STS-070 - Views of earth limb horizon during sunrise with Mars and Venus rising'],78db52176037746a49273ed7c51c31d0
http://catalog.archives.gov/id/22920021,['STS070-391-023 - STS-070 - Views of earth limb horizon during sunrise with Mars and Venus rising'],8a0e53acad701d275343a97f0424dd4f
http://catalog.archives.gov/id/22920025,['STS070-391-025 - STS-070 - Views of earth limb horizon during sunrise with Mars and Venus rising'],c6b35cd3d6649e104e6ef7ca2b77866c
http://catalog.archives.gov/id/22920017,['STS070-391-021 - STS-070 - Views of earth limb horizon during sunrise with Mars and Venus rising'],c6d0da0da1e24f7d37befd3c06d5af37
http://catalog.archives.gov/id/22920009,['STS070-391-017 - STS-070 - Views of earth limb horizon during sunrise with Mars and Venus rising'],3e052ceca74bffd7251e81daba03b016
http://catalog.archives.gov/id/22920019,['STS070-391-022 - STS-070 - Views of earth limb horizon during sunrise with Mars and Venus rising'],6c3cc69fcfa023abc4622c4723e0f3bb
http://catalog.archives.gov/id/22920029,['STS070-391-027 - STS-070 - Views of earth limb horizon during sunrise with Mars and Venus rising'],d58e643079832ad6a5e2abe1b718dfdc
http://catalog.archives.gov/id/22920011,['STS070-391-018 - STS-070 - Views of earth limb horizon during sunrise with Mars and Venus rising'],f50123e9fd4a21c9d9cfd43b92069098
http://digitallibrary.usc.edu/cdm/ref/collection/p15799coll44/id/64588,"Astronomy--space travel, 1958",4fac2c031908ba9f2464c0a71b1ada3e
http://catalog.archives.gov/id/22919989,['STS070-391-007 - STS-070 - Views of earth limb horizon during sunrise with Mars and Venus rising'],0b82bb4d76d23591121d6a20428e6a11
http://catalog.archives.gov/id/22919977,['STS070-391-001 - STS-070 - Views of earth limb horizon during sunrise with Mars and Venus rising'],5516efa05d098d3eb5292fcdad3056d1
http://catalog.archives.gov/id/22919991,['STS070-391-008 - STS-070 - Views of earth limb horizon during sunrise with Mars and Venus rising'],7edcee605e943b8b30c22f3020deb4c1
http://catalog.archives.gov/id/22920001,['STS070-391-013 - STS-070 - Views of earth limb horizon during sunrise with Mars and Venus rising'],c8f9da57659a647dcf107a9b5dd66c32
http://catalog.archives.gov/id/22920035,['STS070-391-030 - STS-070 - Views of earth limb horizon during sunrise with Mars and Venus rising'],cfdf8f70407e741463e99376ec6d1e20
http://catalog.archives.gov/id/22919985,['STS070-391-005 - STS-070 - Views of earth limb horizon during sunrise with Mars and Venus rising'],06898320a0ca52f61c60054c749c0839
http://catalog.archives.gov/id/22919997,['STS070-391-011 - STS-070 - Views of earth limb horizon during sunrise with Mars and Venus rising'],1af98cc76c2cb5a9cf7a3fe6478405b8
http://catalog.archives.gov/id/22919987,['STS070-391-006 - STS-070 - Views of earth limb horizon during sunrise with Mars and Venus rising'],2a07078bf18c043140950b25e05f26a8
http://catalog.archives.gov/id/22920003,['STS070-391-014 - STS-070 - Views of earth limb horizon during sunrise with Mars and Venus rising'],3104e811b8fa5a1dbf984f17c47f214b
http://catalog.archives.gov/id/22920041,['STS070-391-033 - STS-070 - Views of earth limb horizon during sunrise with Mars and Venus rising'],5c76fc1479849ba46015378b144f54a7
http://catalog.archives.gov/id/22920043,['STS070-391-034 - STS-070 - Views of earth limb horizon during sunrise with Mars and Venus rising'],68814a2dd3639451c1a71c2dc4f61942
http://catalog.archives.gov/id/22919983,['STS070-391-004 - STS-070 - Views of earth limb horizon during sunrise with Mars and Venus rising'],7f1eb4666a039f4a018fb52ef13ae104
http://catalog.archives.gov/id/22919981,['STS070-391-003 - STS-070 - Views of earth limb horizon during sunrise with Mars and Venus rising'],ec42c68661944187464120970f2da14c
http://catalog.archives.gov/id/22919993,['STS070-391-009 - STS-070 - Views of earth limb horizon during sunrise with Mars and Venus rising'],f886e35572885d01d030550996769e3e
http://catalog.archives.gov/id/22919995,['STS070-391-010 - STS-070 - Views of earth limb horizon during sunrise with Mars and Venus rising'],898e8cf5e4b6a1a28c89835b90ae4c12
http://catalog.archives.gov/id/22920037,['STS070-391-031 - STS-070 - Views of earth limb horizon during sunrise with Mars and Venus rising'],a247b2294717d2dea00909db78cc6ac5
http://catalog.archives.gov/id/22920033,['STS070-391-029 - STS-070 - Views of earth limb horizon during sunrise with Mars and Venus rising'],affdde3beba917ea3413c3f83193d573
http://catalog.archives.gov/id/22919979,['STS070-391-002 - STS-070 - Views of earth limb horizon during sunrise with Mars and Venus rising'],d7f8fe6b1fd1e3e0b7627bfddfa960eb
http://catalog.archives.gov/id/22919999,['STS070-391-012 - STS-070 - Views of earth limb horizon during sunrise with Mars and Venus rising'],d8c2079f5ac975bc0daa71493a2328c6
http://catalog.archives.gov/id/22920039,['STS070-391-032 - STS-070 - Views of earth limb horizon during sunrise with Mars and Venus rising'],f116dd8497f22fc7339a175c7757f0ac
https://www.davidrumsey.com/luna/servlet/detail/RUMSEY~8~1~292750~90064008,"['Mars Marte : North Pole. Meridian 0 (degree). South Pole. Meridian 120 (Degree). Meridian 240 (Degree). (cover title) Mars Marte. Der rote Planet. The red planet. la planete rouge. Il pianeta rosso. Hallwag Verlag. Bern. Hallwag Publishers', 'Mars Marte']",e6b84da7f2dcd3e9b10a3d70b7e68700
https://www.davidrumsey.com/luna/servlet/detail/RUMSEY~8~1~292748~90064006,"['(Covers to) Mars Marte : North Pole. Meridian 0 (degree). South Pole. Meridian 120 (Degree). Meridian 240 (Degree). (cover title) Mars Marte. Der rote Planet. The red planet. la planete rouge. Il pianeta rosso. Hallwag Verlag. Bern. Hallwag Publishers', 'Mars Marte : North Pole. Meridian 0 (degree). South Pole. Meridian 120 (Degree). Meridian 240 (Degree). (cover title) Mars Marte. Der rote Planet. The red planet. la planete rouge. Il pianeta rosso. Hallwag Verlag. Bern. Hallwag Publishers', 'Covers: Mars Marte. Der rote Planet. The red planet. la planete rouge. Il pianeta rosso']",d04d785eb693b87f97a5ea3fea5910f0
https://www.davidrumsey.com/luna/servlet/detail/RUMSEY~8~1~292749~90064007,"['(Text Page to) Mars Marte : North Pole. Meridian 0 (degree). South Pole. Meridian 120 (Degree). Meridian 240 (Degree). (cover title) Mars Marte. Der rote Planet. The red planet. la planete rouge. Il pianeta rosso. Hallwag Verlag. Bern. Hallwag Publishers', 'Mars Marte : North Pole. Meridian 0 (degree). South Pole. Meridian 120 (Degree). Meridian 240 (Degree). (cover title) Mars Marte. Der rote Planet. The red planet. la planete rouge. Il pianeta rosso. Hallwag Verlag. Bern. Hallwag Publishers', 'Text Page: Mars Marte']",f99ca77dfb4c162f603dc9f166e55e8d
http://catalog.archives.gov/id/22920045,['STS070-391-035 - STS-070 - Views of earth limb horizon during sunrise with Mars and Venus rising'],c05389f37dca7a86dfb2a672c51bb991
http://archives-dc.library.caltech.edu/islandora/object/ct1%3A9582,['Norman Horowitz (center) Jerry S. Hubbard (left) and James P Hardy (right)'],472c91abbfc7b27daf2f2ff6b68aed2c
https://tessa.lapl.org/cdm/ref/collection/photos/id/74545,['Valley optical ace has home sky show'],5b844f0f19eca64e8308c51195ef394a
http://collections.si.edu/search/results.htm?q=record_ID%3Anasm_A19840658000&repo=DPLA,"Klystron Tube, 100KW",aa1fcce05dfc22398890e8ca24a65292
https://www.davidrumsey.com/luna/servlet/detail/RUMSEY~8~1~292158~90064299,"['Destination Mars. National Geographic. Copyright 2001 National Geographic Society, Washington, D.C. Revised 2012. 22075. Mars image created by Michael Caplinger and Michael C Malin. (inset views) North pole. (with) South pole. (on verso) Verso: Mars revealed : a new look at forces that shape the desert plane', 'Destination Mars. National Geographic']",0ea4920626bd42a5ad9f9a4105e6b96a
https://www.davidrumsey.com/luna/servlet/detail/RUMSEY~8~1~292159~90064298,"['Mars revealed : a new look at forces that shape the desert plane. (on verso) Destination Mars. National Geographic. Copyright 2001 National Geographic Society, Washington, D.C. Revised 2012. 22075. Mars image created by Michael Caplinger and Michael C Malin. (inset views) North pole. (with) South pole', 'Destination Mars. National Geographic. Copyright 2001 National Geographic Society, Washington, D.C. Revised 2012. 22075. Mars image created by Michael Caplinger and Michael C Malin. (inset views) North pole. (with) South pole. (on verso) Verso: Mars revealed : a new look at forces that shape the desert plane', 'Destination Mars. National Geographic']",ed1686c75b2c7dad7bf6c805728e7840
http://collections.si.edu/search/results.htm?q=record_ID%3Anasm_A19990073001&repo=DPLA,"Airbags, Lander, Mars, Pathfinder",9e4e842c7f94763b5c1a67ad09012240
http://collections.si.edu/search/results.htm?q=record_ID%3Anasm_A19960003000&repo=DPLA,"Rocket Engine, Liquid Fuel, Propulsion System, Viking Orbiter",e587a6f95b3d1e09a52214c6b0feb6ca
http://collections.si.edu/search/results.htm?q=record_ID%3Anasm_A19790215002&repo=DPLA,"Stand, Viking Mars Lander",8c4bc4d2ddd59480a5373c3e45d934c6
http://collections.si.edu/search/results.htm?q=record_ID%3Anasm_A19790215003&repo=DPLA,"Wheels, Stand, Viking Mars Lander",b8ff83649d0ec0d6b78fb6037a4a7616
http://collections.si.edu/search/results.htm?q=record_ID%3Anasm_A20160080000&repo=DPLA,"Model, Mars Science Laboratory, Mars Rover Curiosity",1f524814b9f8a4e24a543a7eca0edacc
http://collections.si.edu/search/results.htm?q=record_ID%3Anasm_A19990073007&repo=DPLA,"Airbags, Lander, Mars, Pathfinder",2437fe87d268bdcb96d0e880a3a93d06
http://collections.si.edu/search/results.htm?q=record_ID%3Anasm_A19990073008&repo=DPLA,"Airbags, Lander, Mars, Pathfinder",305aff8d7c8fb71447b3154b5405e5e6
http://collections.si.edu/search/results.htm?q=record_ID%3Anasm_A19990073009&repo=DPLA,"Airbags, Lander, Mars, Pathfinder",4e53147a9f63baaf216c214c82e2174b
http://collections.si.edu/search/results.htm?q=record_ID%3Anasm_A20070215000&repo=DPLA,"Model, Mars Mission Spacecraft",549b64042eede5d29cada9f61938d5e0
http://collections.si.edu/search/results.htm?q=record_ID%3Anasm_A19990073005&repo=DPLA,"Parts, Lander, Mars, Pathfinder",333182c92943bbbeb1c6932b740eaa1f
http://collections.si.edu/search/results.htm?q=record_ID%3Anasm_A20020299000&repo=DPLA,"Model, Mars Pathfinder Lander",917a875816eb6aabeede153629fede90
http://collections.si.edu/search/results.htm?q=record_ID%3Anmah_1184265&repo=DPLA,Mars Globe,0de5797c74dc8042cb923958dab09296
http://ark.cdlib.org/ark:/13030/kt2n39r89s,['Chinatown-North Beach; family planning'],240d826d804f8e8f10faf10f1e358e59
http://collections.si.edu/search/results.htm?q=record_ID%3Anasm_A20050005000&repo=DPLA,"Camera, Backup, Viking Lander",09622b44136159109826465686484204
http://collections.si.edu/search/results.htm?q=record_ID%3Anasm_A20020299001&repo=DPLA,"Miscellaneous Parts, Model, Mars Pathfinder Lander",e9a4c7592dcad7bee91507d127c57303
http://collections.si.edu/search/results.htm?q=record_ID%3Anasm_A20130178000&repo=DPLA,Photomosaic Globe of Mars,9de8a2e6eb5cc21284dfd2ac733b6d14
http://collections.si.edu/search/results.htm?q=record_ID%3Asilgoi_110657&repo=DPLA,The Planetary System from The beauty of the heavens : a pictorial display of the astronomical phenomena of the universe,b01c606d5b29e363b1f80ccce5c7dbdb
http://collections.si.edu/search/results.htm?q=record_ID%3Anasm_A19760027000&repo=DPLA,"Engineering Model, Mariner 2",2d17cd862fc5f4ba1ae6a9b331fe5868
http://collections.si.edu/search/results.htm?q=record_ID%3Anasm_A19751493000&repo=DPLA,"Model, Planetary Probe, Mariner 2",cbb4868a32dd4bed7b3bf5f4f3eb5f85
http://collections.si.edu/search/results.htm?q=record_ID%3Asilgoi_103953&repo=DPLA,Volcanoes from Thirty plates illustrative of natural phenomena,a0324eb950d351c3a2a779623c8a9ab1
