['This view of Uranus was recorded by Voyager 2 as the spacecraft left the planet behind and set forth on its cruise to Neptune'],http://archives-dc.library.caltech.edu/islandora/object/ct1%3A9805,21b52e360a08cc8d36b735eb6a20e1f9,https://thumbnails.calisphere.org/clip/150x150/feac29352958a414cb22c38d8b25072e
"['The grand tour : a once in a life-time getaway : Jupiter, Saturn, Uranus, Neptune [poster]']",http://utah-primoprod.hosted.exlibrisgroup.com/primo_library/libweb/action/dlDisplay.do?vid=MWDL&afterPDS=true&docId=digcoll_usl_22library2_lib/81565,964d38afaa2765c9ba8da7553000102b,http://digitallibrary.utah.gov/awweb/pdfopener?did=81565&fp=auto
Introduction to Astronomy from Smith's illustrated astronomy : designed for the use of the public or common schools in the United States,http://collections.si.edu/search/results.htm?q=record_ID%3Asilgoi_103948&repo=DPLA,ff0f330ee881abbe2a38f5c4bf4058df,http://ids.si.edu/ids/deliveryService?id=SIL-39088006065619_0008
"['South Shore, Duquesne Heights. Plate 25']",http://historicpittsburgh.org/islandora/object/pitt:20090924-hopkins-0027,abe3f47de5d022fc9c9c495edd6f43e9,http://historicpittsburgh.org/islandora/object/pitt:20090924-hopkins-0027/datastream/TN/view/
The Planetary System from The beauty of the heavens : a pictorial display of the astronomical phenomena of the universe,http://collections.si.edu/search/results.htm?q=record_ID%3Asilgoi_110657&repo=DPLA,b01c606d5b29e363b1f80ccce5c7dbdb,http://ids.si.edu/ids/deliveryService?id=SIL-beautyofheavensp00blun_0015
['Experience the gravity of HD 40307g : a super Earth [poster]'],http://utah-primoprod.hosted.exlibrisgroup.com/primo_library/libweb/action/dlDisplay.do?vid=MWDL&afterPDS=true&docId=digcoll_usl_22library2_lib/81569,4e03dcd638c248e3ec643c9fc3591906,http://digitallibrary.utah.gov/awweb/pdfopener?did=81569&fp=auto
"['Ride your bike to Saturday night--Mission Viejo, where ""home"" is a ""hometown"" again photographic print']",http://ark.cdlib.org/ark:/13030/kt2r29q7hm,f724ecbab9c4aebb643d1c3e61089188,https://thumbnails.calisphere.org/clip/150x150/a57ccbea1206b38c1d31d4cd14a83dfc
Neptune Rings,http://images.nasa.gov/details-PIA01493.html,PIA01493,https://images-assets.nasa.gov/image/PIA01493/PIA01493~thumb.jpg
Neptune,http://images.nasa.gov/details-PIA02210.html,PIA02210,https://images-assets.nasa.gov/image/PIA02210/PIA02210~thumb.jpg
Neptune Shadows,http://images.nasa.gov/details-PIA02220.html,PIA02220,https://images-assets.nasa.gov/image/PIA02220/PIA02220~thumb.jpg
Neptune - Two Images,http://images.nasa.gov/details-PIA01993.html,PIA01993,https://images-assets.nasa.gov/image/PIA01993/PIA01993~thumb.jpg
Neptune - Closest Approach,http://images.nasa.gov/details-PIA01996.html,PIA01996,https://images-assets.nasa.gov/image/PIA01996/PIA01996~thumb.jpg
Crescents of Neptune and Triton,http://images.nasa.gov/details-PIA02215.html,PIA02215,https://images-assets.nasa.gov/image/PIA02215/PIA02215~thumb.jpg
Neptune,http://images.nasa.gov/details-PIA02209.html,PIA02209,https://images-assets.nasa.gov/image/PIA02209/PIA02209~thumb.jpg
Neptune,http://images.nasa.gov/details-PIA02219.html,PIA02219,https://images-assets.nasa.gov/image/PIA02219/PIA02219~thumb.jpg
Neptune,http://images.nasa.gov/details-PIA01998.html,PIA01998,https://images-assets.nasa.gov/image/PIA01998/PIA01998~thumb.jpg
Neptune South Polar Region,http://images.nasa.gov/details-PIA01995.html,PIA01995,https://images-assets.nasa.gov/image/PIA01995/PIA01995~thumb.jpg
Neptune Through a Clear Filter,http://images.nasa.gov/details-PIA01999.html,PIA01999,https://images-assets.nasa.gov/image/PIA01999/PIA01999~thumb.jpg
Neptune - Changes in Great Dark Spot,http://images.nasa.gov/details-PIA00047.html,PIA00047,https://images-assets.nasa.gov/image/PIA00047/PIA00047~thumb.jpg
Neptune Scooter,http://images.nasa.gov/details-PIA01142.html,PIA01142,https://images-assets.nasa.gov/image/PIA01142/PIA01142~thumb.jpg
Neptune and Triton,http://images.nasa.gov/details-PIA01491.html,PIA01491,https://images-assets.nasa.gov/image/PIA01491/PIA01491~thumb.jpg
Neptune Clouds,http://images.nasa.gov/details-PIA01982.html,PIA01982,https://images-assets.nasa.gov/image/PIA01982/PIA01982~thumb.jpg
Neptune - Dark Oval,http://images.nasa.gov/details-PIA01990.html,PIA01990,https://images-assets.nasa.gov/image/PIA01990/PIA01990~thumb.jpg
Neptune - Three New Satellites,http://images.nasa.gov/details-PIA01991.html,PIA01991,https://images-assets.nasa.gov/image/PIA01991/PIA01991~thumb.jpg
Hubble View of Neptune,http://images.nasa.gov/details-PIA01285.html,PIA01285,https://images-assets.nasa.gov/image/PIA01285/PIA01285~thumb.jpg
Neptune in Primary Colors,http://images.nasa.gov/details-PIA01284.html,PIA01284,https://images-assets.nasa.gov/image/PIA01284/PIA01284~thumb.jpg
In Tune with Neptune,http://images.nasa.gov/details-PIA07433.html,PIA07433,https://images-assets.nasa.gov/image/PIA07433/PIA07433~thumb.jpg
Neptune Southern Hemisphere,http://images.nasa.gov/details-PIA00050.html,PIA00050,https://images-assets.nasa.gov/image/PIA00050/PIA00050~thumb.jpg
Neptune Full Disk,http://images.nasa.gov/details-PIA00046.html,PIA00046,https://images-assets.nasa.gov/image/PIA00046/PIA00046~thumb.jpg
3 Images of Neptune,http://images.nasa.gov/details-PIA01363.html,PIA01363,https://images-assets.nasa.gov/image/PIA01363/PIA01363~thumb.jpg
Post-encounter View of Neptune South Pole,http://images.nasa.gov/details-PIA01539.html,PIA01539,https://images-assets.nasa.gov/image/PIA01539/PIA01539~thumb.jpg
Neptune - Great Dark Spot and Scooter,http://images.nasa.gov/details-PIA00048.html,PIA00048,https://images-assets.nasa.gov/image/PIA00048/PIA00048~thumb.jpg
Neptune in False Color,http://images.nasa.gov/details-PIA00051.html,PIA00051,https://images-assets.nasa.gov/image/PIA00051/PIA00051~thumb.jpg
Neptune Small Dark Spot D2,http://images.nasa.gov/details-PIA02223.html,PIA02223,https://images-assets.nasa.gov/image/PIA02223/PIA02223~thumb.jpg
Neptune - True Color of Clouds,http://images.nasa.gov/details-PIA00063.html,PIA00063,https://images-assets.nasa.gov/image/PIA00063/PIA00063~thumb.jpg
"Neptune - Great Dark Spot, Scooter, Dark Spot 2",http://images.nasa.gov/details-PIA00049.html,PIA00049,https://images-assets.nasa.gov/image/PIA00049/PIA00049~thumb.jpg
PIA01492,http://images.nasa.gov/details-PIA01492.html,PIA01492,https://images-assets.nasa.gov/image/PIA01492/PIA01492~thumb.jpg
Neptune - Changes in Great Dark Spot,http://images.nasa.gov/details-PIA00045.html,PIA00045,https://images-assets.nasa.gov/image/PIA00045/PIA00045~thumb.jpg
Neptune Blue-green Atmosphere,http://images.nasa.gov/details-PIA02245.html,PIA02245,https://images-assets.nasa.gov/image/PIA02245/PIA02245~thumb.jpg
Neptune Dark Spot D2 at High Resolution,http://images.nasa.gov/details-PIA00064.html,PIA00064,https://images-assets.nasa.gov/image/PIA00064/PIA00064~thumb.jpg
Neptune False Color Image of Haze,http://images.nasa.gov/details-PIA00057.html,PIA00057,https://images-assets.nasa.gov/image/PIA00057/PIA00057~thumb.jpg
Hubble's Neptune Anniversary Pictures,http://images.nasa.gov/details-GSFC_20171208_Archive_e001824.html,GSFC_20171208_Archive_e001824,https://images-assets.nasa.gov/image/GSFC_20171208_Archive_e001824/GSFC_20171208_Archive_e001824~thumb.jpg
Neptune Hot South Pole,http://images.nasa.gov/details-PIA09927.html,PIA09927,https://images-assets.nasa.gov/image/PIA09927/PIA09927~thumb.jpg
Hubble Finds New Dark Spot on Neptune,http://images.nasa.gov/details-PIA01286.html,PIA01286,https://images-assets.nasa.gov/image/PIA01286/PIA01286~thumb.jpg
Neptune Clouds Showing Vertical Relief,http://images.nasa.gov/details-PIA00058.html,PIA00058,https://images-assets.nasa.gov/image/PIA00058/PIA00058~thumb.jpg
Hubble Space Telescope Wide Field Planetary Camera 2 Observations of Neptune,http://images.nasa.gov/details-PIA01287.html,PIA01287,https://images-assets.nasa.gov/image/PIA01287/PIA01287~thumb.jpg
Neptune,http://images.nasa.gov/details-PIA02205.html,PIA02205,https://images-assets.nasa.gov/image/PIA02205/PIA02205~thumb.jpg
Montage of Neptune and Triton,http://images.nasa.gov/details-PIA00340.html,PIA00340,https://images-assets.nasa.gov/image/PIA00340/PIA00340~thumb.jpg
Neptune Rings,http://images.nasa.gov/details-PIA02207.html,PIA02207,https://images-assets.nasa.gov/image/PIA02207/PIA02207~thumb.jpg
Neptune Rings,http://images.nasa.gov/details-PIA02224.html,PIA02224,https://images-assets.nasa.gov/image/PIA02224/PIA02224~thumb.jpg
Neptune - Partial Rings,http://images.nasa.gov/details-PIA02200.html,PIA02200,https://images-assets.nasa.gov/image/PIA02200/PIA02200~thumb.jpg
Neptune Bright Crescent,http://images.nasa.gov/details-PIA02204.html,PIA02204,https://images-assets.nasa.gov/image/PIA02204/PIA02204~thumb.jpg
Neptune Clouds on the Dark Spot,http://images.nasa.gov/details-PIA02222.html,PIA02222,https://images-assets.nasa.gov/image/PIA02222/PIA02222~thumb.jpg
Neptune - Dark Feature,http://images.nasa.gov/details-PIA01992.html,PIA01992,https://images-assets.nasa.gov/image/PIA01992/PIA01992~thumb.jpg
1989N1,http://images.nasa.gov/details-PIA00055.html,PIA00055,https://images-assets.nasa.gov/image/PIA00055/PIA00055~thumb.jpg
Rings of Neptune,http://images.nasa.gov/details-PIA01997.html,PIA01997,https://images-assets.nasa.gov/image/PIA01997/PIA01997~thumb.jpg
Triton - Neptune Largest Satellite,http://images.nasa.gov/details-PIA01994.html,PIA01994,https://images-assets.nasa.gov/image/PIA01994/PIA01994~thumb.jpg
Neptune: Ring Arcs,http://images.nasa.gov/details-PIA02256.html,PIA02256,https://images-assets.nasa.gov/image/PIA02256/PIA02256~thumb.jpg
Neptune on Triton Horizon,http://images.nasa.gov/details-PIA00344.html,PIA00344,https://images-assets.nasa.gov/image/PIA00344/PIA00344~thumb.jpg
Neptune Stormy Disposition,http://images.nasa.gov/details-PIA01542.html,PIA01542,https://images-assets.nasa.gov/image/PIA01542/PIA01542~thumb.jpg
Nereid,http://images.nasa.gov/details-PIA00054.html,PIA00054,https://images-assets.nasa.gov/image/PIA00054/PIA00054~thumb.jpg
Triton - Detail of Dark and Light Material,http://images.nasa.gov/details-PIA00056.html,PIA00056,https://images-assets.nasa.gov/image/PIA00056/PIA00056~thumb.jpg
Neptune Great Dark Spot in High Resolution,http://images.nasa.gov/details-PIA00052.html,PIA00052,https://images-assets.nasa.gov/image/PIA00052/PIA00052~thumb.jpg
Neptune Rings and 1989N2,http://images.nasa.gov/details-PIA00053.html,PIA00053,https://images-assets.nasa.gov/image/PIA00053/PIA00053~thumb.jpg
Voyager Color Image of Triton,http://images.nasa.gov/details-PIA02246.html,PIA02246,https://images-assets.nasa.gov/image/PIA02246/PIA02246~thumb.jpg
Triton Video,http://images.nasa.gov/details-PIA18669.html,PIA18669,https://images-assets.nasa.gov/image/PIA18669/PIA18669~thumb.jpg
ARC-1989-A89-7023,http://images.nasa.gov/details-ARC-1989-A89-7023.html,ARC-1989-A89-7023,https://images-assets.nasa.gov/image/ARC-1989-A89-7023/ARC-1989-A89-7023~thumb.jpg
Space Science,http://images.nasa.gov/details-8910708.html,8910708,https://images-assets.nasa.gov/image/8910708/8910708~thumb.jpg
1989N1 Surface Detail,http://images.nasa.gov/details-PIA00062.html,PIA00062,https://images-assets.nasa.gov/image/PIA00062/PIA00062~thumb.jpg
ARC-1989-A89-7007,http://images.nasa.gov/details-ARC-1989-A89-7007.html,ARC-1989-A89-7007,https://images-assets.nasa.gov/image/ARC-1989-A89-7007/ARC-1989-A89-7007~thumb.jpg
ARC-1989-AC89-7062,http://images.nasa.gov/details-ARC-1989-AC89-7062.html,ARC-1989-AC89-7062,https://images-assets.nasa.gov/image/ARC-1989-AC89-7062/ARC-1989-AC89-7062~thumb.jpg
Solar System Montage,http://images.nasa.gov/details-PIA00545.html,PIA00545,https://images-assets.nasa.gov/image/PIA00545/PIA00545~thumb.jpg
Triton,http://images.nasa.gov/details-PIA02211.html,PIA02211,https://images-assets.nasa.gov/image/PIA02211/PIA02211~thumb.jpg
Triton,http://images.nasa.gov/details-PIA02212.html,PIA02212,https://images-assets.nasa.gov/image/PIA02212/PIA02212~thumb.jpg
Solar System Montage Updated,http://images.nasa.gov/details-PIA01341.html,PIA01341,https://images-assets.nasa.gov/image/PIA01341/PIA01341~thumb.jpg
Gas Planet Orbits,http://images.nasa.gov/details-PIA17304.html,PIA17304,https://images-assets.nasa.gov/image/PIA17304/PIA17304~thumb.jpg
Map of Triton,http://images.nasa.gov/details-PIA18668.html,PIA18668,https://images-assets.nasa.gov/image/PIA18668/PIA18668~thumb.jpg
Seeing Starlight Through a Planet Rim Artist Concept,http://images.nasa.gov/details-PIA18837.html,PIA18837,https://images-assets.nasa.gov/image/PIA18837/PIA18837~thumb.jpg
A Sunny Outlook for Weather on Exoplanets Artist Concept,http://images.nasa.gov/details-PIA18838.html,PIA18838,https://images-assets.nasa.gov/image/PIA18838/PIA18838~thumb.jpg
Detail of Triton Surface,http://images.nasa.gov/details-PIA01536.html,PIA01536,https://images-assets.nasa.gov/image/PIA01536/PIA01536~thumb.jpg
Complex Geologic History of Triton,http://images.nasa.gov/details-PIA01538.html,PIA01538,https://images-assets.nasa.gov/image/PIA01538/PIA01538~thumb.jpg
Triton Surface Topography,http://images.nasa.gov/details-PIA02234.html,PIA02234,https://images-assets.nasa.gov/image/PIA02234/PIA02234~thumb.jpg
Voyager Parting Shot of Triton,http://images.nasa.gov/details-PIA02247.html,PIA02247,https://images-assets.nasa.gov/image/PIA02247/PIA02247~thumb.jpg
Solar System Montage - High Resolution 2001 Version,http://images.nasa.gov/details-PIA03153.html,PIA03153,https://images-assets.nasa.gov/image/PIA03153/PIA03153~thumb.jpg
Triton Volcanic Plains,http://images.nasa.gov/details-PIA12184.html,PIA12184,https://images-assets.nasa.gov/image/PIA12184/PIA12184~thumb.jpg
Triton Volcanic Plains #2,http://images.nasa.gov/details-PIA12185.html,PIA12185,https://images-assets.nasa.gov/image/PIA12185/PIA12185~thumb.jpg
Triton Cantaloupe Terrain,http://images.nasa.gov/details-PIA12186.html,PIA12186,https://images-assets.nasa.gov/image/PIA12186/PIA12186~thumb.jpg
Flight Over Triton,http://images.nasa.gov/details-PIA12187.html,PIA12187,https://images-assets.nasa.gov/image/PIA12187/PIA12187~thumb.jpg
Transneptunian Object Sizes Artist Concept,http://images.nasa.gov/details-PIA17308.html,PIA17308,https://images-assets.nasa.gov/image/PIA17308/PIA17308~thumb.jpg
Salinity Processes in the Upper Ocean Regional Study (SPURS),http://images.nasa.gov/details-201209040032HQ.html,201209040032HQ,https://images-assets.nasa.gov/image/201209040032HQ/201209040032HQ~thumb.jpg
ARC-1983-AC83-0351,http://images.nasa.gov/details-ARC-1983-AC83-0351.html,ARC-1983-AC83-0351,https://images-assets.nasa.gov/image/ARC-1983-AC83-0351/ARC-1983-AC83-0351~thumb.jpg
Triton High Resolution View of Northern Hemisphere,http://images.nasa.gov/details-PIA00061.html,PIA00061,https://images-assets.nasa.gov/image/PIA00061/PIA00061~thumb.jpg
ARC-1989-A89-7040,http://images.nasa.gov/details-ARC-1989-A89-7040.html,ARC-1989-A89-7040,https://images-assets.nasa.gov/image/ARC-1989-A89-7040/ARC-1989-A89-7040~thumb.jpg
ARC-1989-A89-7050,http://images.nasa.gov/details-ARC-1989-A89-7050.html,ARC-1989-A89-7050,https://images-assets.nasa.gov/image/ARC-1989-A89-7050/ARC-1989-A89-7050~thumb.jpg
ARC-1989-A89-7006,http://images.nasa.gov/details-ARC-1989-A89-7006.html,ARC-1989-A89-7006,https://images-assets.nasa.gov/image/ARC-1989-A89-7006/ARC-1989-A89-7006~thumb.jpg
ARC-1989-AC89-7001,http://images.nasa.gov/details-ARC-1989-AC89-7001.html,ARC-1989-AC89-7001,https://images-assets.nasa.gov/image/ARC-1989-AC89-7001/ARC-1989-AC89-7001~thumb.jpg
Neptune - Full Ring System,http://images.nasa.gov/details-PIA02202.html,PIA02202,https://images-assets.nasa.gov/image/PIA02202/PIA02202~thumb.jpg
Triton South Polar Terrain,http://images.nasa.gov/details-PIA00059.html,PIA00059,https://images-assets.nasa.gov/image/PIA00059/PIA00059~thumb.jpg
Triton,http://images.nasa.gov/details-PIA02208.html,PIA02208,https://images-assets.nasa.gov/image/PIA02208/PIA02208~thumb.jpg
Exotic Exoplanet Artist Concept,http://images.nasa.gov/details-PIA13054.html,PIA13054,https://images-assets.nasa.gov/image/PIA13054/PIA13054~thumb.jpg
Super Earth Reveals Itself to Spitzer Artist Animation,http://images.nasa.gov/details-PIA15623.html,PIA15623,https://images-assets.nasa.gov/image/PIA15623/PIA15623~thumb.jpg
ARC-2006-ACD06-0213-032,http://images.nasa.gov/details-ARC-2006-ACD06-0213-032.html,ARC-2006-ACD06-0213-032,https://images-assets.nasa.gov/image/ARC-2006-ACD06-0213-032/ARC-2006-ACD06-0213-032~thumb.jpg
ARC-2006-ACD06-0213-034,http://images.nasa.gov/details-ARC-2006-ACD06-0213-034.html,ARC-2006-ACD06-0213-034,https://images-assets.nasa.gov/image/ARC-2006-ACD06-0213-034/ARC-2006-ACD06-0213-034~thumb.jpg
ARC-1989-A89-7042,http://images.nasa.gov/details-ARC-1989-A89-7042.html,ARC-1989-A89-7042,https://images-assets.nasa.gov/image/ARC-1989-A89-7042/ARC-1989-A89-7042~thumb.jpg
ARC-1989-A89-7039,http://images.nasa.gov/details-ARC-1989-A89-7039.html,ARC-1989-A89-7039,https://images-assets.nasa.gov/image/ARC-1989-A89-7039/ARC-1989-A89-7039~thumb.jpg
ARC-1989-AC89-7003,http://images.nasa.gov/details-ARC-1989-AC89-7003.html,ARC-1989-AC89-7003,https://images-assets.nasa.gov/image/ARC-1989-AC89-7003/ARC-1989-AC89-7003~thumb.jpg
Helium-Shrouded Planets Artist Concept,http://images.nasa.gov/details-PIA19344.html,PIA19344,https://images-assets.nasa.gov/image/PIA19344/PIA19344~thumb.jpg
Charon's First Official Feature Names,http://images.nasa.gov/details-PIA00442.html,PIA00442,https://images-assets.nasa.gov/image/PIA00442/PIA00442~thumb.jpg
ARC-1989-A89-7012,http://images.nasa.gov/details-ARC-1989-A89-7012.html,ARC-1989-A89-7012,https://images-assets.nasa.gov/image/ARC-1989-A89-7012/ARC-1989-A89-7012~thumb.jpg
ARC-1989-A89-7020,http://images.nasa.gov/details-ARC-1989-A89-7020.html,ARC-1989-A89-7020,https://images-assets.nasa.gov/image/ARC-1989-A89-7020/ARC-1989-A89-7020~thumb.jpg
ARC-1989-AC89-7010,http://images.nasa.gov/details-ARC-1989-AC89-7010.html,ARC-1989-AC89-7010,https://images-assets.nasa.gov/image/ARC-1989-AC89-7010/ARC-1989-AC89-7010~thumb.jpg
ARC-1989-AC89-7009,http://images.nasa.gov/details-ARC-1989-AC89-7009.html,ARC-1989-AC89-7009,https://images-assets.nasa.gov/image/ARC-1989-AC89-7009/ARC-1989-AC89-7009~thumb.jpg
ARC-1989-AC89-7019,http://images.nasa.gov/details-ARC-1989-AC89-7019.html,ARC-1989-AC89-7019,https://images-assets.nasa.gov/image/ARC-1989-AC89-7019/ARC-1989-AC89-7019~thumb.jpg
ARC-1989-AC89-7043,http://images.nasa.gov/details-ARC-1989-AC89-7043.html,ARC-1989-AC89-7043,https://images-assets.nasa.gov/image/ARC-1989-AC89-7043/ARC-1989-AC89-7043~thumb.jpg
ARC-1989-A89-7058,http://images.nasa.gov/details-ARC-1989-A89-7058.html,ARC-1989-A89-7058,https://images-assets.nasa.gov/image/ARC-1989-A89-7058/ARC-1989-A89-7058~thumb.jpg
Brown Dwarf Weather (Artist's Concept),http://images.nasa.gov/details-PIA21752.html,PIA21752,https://images-assets.nasa.gov/image/PIA21752/PIA21752~thumb.jpg
New Horizons Event: The First Mission to the Pluto System,http://images.nasa.gov/details-201408250005HQ.html,201408250005HQ,https://images-assets.nasa.gov/image/201408250005HQ/201408250005HQ~thumb.jpg
NASA's New Horizons Pluto Mission: Continuing Voyager's Legacy o,http://images.nasa.gov/details-201408250009HQ.html,201408250009HQ,https://images-assets.nasa.gov/image/201408250009HQ/201408250009HQ~thumb.jpg
NASA's New Horizons Pluto Mission: Continuing Voyager's Legacy o,http://images.nasa.gov/details-201408250017HQ.html,201408250017HQ,https://images-assets.nasa.gov/image/201408250017HQ/201408250017HQ~thumb.jpg
NASA's New Horizons Pluto Mission: Continuing Voyager's Legacy o,http://images.nasa.gov/details-201408250018HQ.html,201408250018HQ,https://images-assets.nasa.gov/image/201408250018HQ/201408250018HQ~thumb.jpg
ARC-1989-A89-7027,http://images.nasa.gov/details-ARC-1989-A89-7027.html,ARC-1989-A89-7027,https://images-assets.nasa.gov/image/ARC-1989-A89-7027/ARC-1989-A89-7027~thumb.jpg
ARC-1989-A89-7033,http://images.nasa.gov/details-ARC-1989-A89-7033.html,ARC-1989-A89-7033,https://images-assets.nasa.gov/image/ARC-1989-A89-7033/ARC-1989-A89-7033~thumb.jpg
ARC-1989-AC89-7018,http://images.nasa.gov/details-ARC-1989-AC89-7018.html,ARC-1989-AC89-7018,https://images-assets.nasa.gov/image/ARC-1989-AC89-7018/ARC-1989-AC89-7018~thumb.jpg
NASA's New Horizons Pluto Mission: Continuing Voyager's Legacy o,http://images.nasa.gov/details-201408250011HQ.html,201408250011HQ,https://images-assets.nasa.gov/image/201408250011HQ/201408250011HQ~thumb.jpg
NASA's New Horizons Pluto Mission: Continuing Voyager's Legacy o,http://images.nasa.gov/details-201408250014HQ.html,201408250014HQ,https://images-assets.nasa.gov/image/201408250014HQ/201408250014HQ~thumb.jpg
NASA's New Horizons Pluto Mission: Continuing Voyager's Legacy o,http://images.nasa.gov/details-201408250015HQ.html,201408250015HQ,https://images-assets.nasa.gov/image/201408250015HQ/201408250015HQ~thumb.jpg
NASA's New Horizons Pluto Mission: Continuing Voyager's Legacy o,http://images.nasa.gov/details-201408250016HQ.html,201408250016HQ,https://images-assets.nasa.gov/image/201408250016HQ/201408250016HQ~thumb.jpg
NASA's New Horizons Pluto Mission: Continuing Voyager's Legacy o,http://images.nasa.gov/details-201408250019HQ.html,201408250019HQ,https://images-assets.nasa.gov/image/201408250019HQ/201408250019HQ~thumb.jpg
ARC-1989-A89-7026,http://images.nasa.gov/details-ARC-1989-A89-7026.html,ARC-1989-A89-7026,https://images-assets.nasa.gov/image/ARC-1989-A89-7026/ARC-1989-A89-7026~thumb.jpg
ARC-1989-A89-7034,http://images.nasa.gov/details-ARC-1989-A89-7034.html,ARC-1989-A89-7034,https://images-assets.nasa.gov/image/ARC-1989-A89-7034/ARC-1989-A89-7034~thumb.jpg
Young Star and Its Infant Planet (Artist animation),http://images.nasa.gov/details-PIA20692.html,PIA20692,https://images-assets.nasa.gov/image/PIA20692/PIA20692~thumb.jpg
Solar System Portrait - 60 Frame Mosaic,http://images.nasa.gov/details-PIA00451.html,PIA00451,https://images-assets.nasa.gov/image/PIA00451/PIA00451~thumb.jpg
ARC-1989-A89-7000,http://images.nasa.gov/details-ARC-1989-A89-7000.html,ARC-1989-A89-7000,https://images-assets.nasa.gov/image/ARC-1989-A89-7000/ARC-1989-A89-7000~thumb.jpg
ARC-1989-A89-7037,http://images.nasa.gov/details-ARC-1989-A89-7037.html,ARC-1989-A89-7037,https://images-assets.nasa.gov/image/ARC-1989-A89-7037/ARC-1989-A89-7037~thumb.jpg
ARC-1989-A89-7045,http://images.nasa.gov/details-ARC-1989-A89-7045.html,ARC-1989-A89-7045,https://images-assets.nasa.gov/image/ARC-1989-A89-7045/ARC-1989-A89-7045~thumb.jpg
ARC-1989-A89-7047,http://images.nasa.gov/details-ARC-1989-A89-7047.html,ARC-1989-A89-7047,https://images-assets.nasa.gov/image/ARC-1989-A89-7047/ARC-1989-A89-7047~thumb.jpg
ARC-1989-AC89-7046,http://images.nasa.gov/details-ARC-1989-AC89-7046.html,ARC-1989-AC89-7046,https://images-assets.nasa.gov/image/ARC-1989-AC89-7046/ARC-1989-AC89-7046~thumb.jpg
ARC-1989-AC89-7055,http://images.nasa.gov/details-ARC-1989-AC89-7055.html,ARC-1989-AC89-7055,https://images-assets.nasa.gov/image/ARC-1989-AC89-7055/ARC-1989-AC89-7055~thumb.jpg
ARC-1986-AC86-7042,http://images.nasa.gov/details-ARC-1986-AC86-7042.html,ARC-1986-AC86-7042,https://images-assets.nasa.gov/image/ARC-1986-AC86-7042/ARC-1986-AC86-7042~thumb.jpg
ARC-1989-A89-7004,http://images.nasa.gov/details-ARC-1989-A89-7004.html,ARC-1989-A89-7004,https://images-assets.nasa.gov/image/ARC-1989-A89-7004/ARC-1989-A89-7004~thumb.jpg
ARC-1989-A89-7005,http://images.nasa.gov/details-ARC-1989-A89-7005.html,ARC-1989-A89-7005,https://images-assets.nasa.gov/image/ARC-1989-A89-7005/ARC-1989-A89-7005~thumb.jpg
ARC-1989-A89-7015,http://images.nasa.gov/details-ARC-1989-A89-7015.html,ARC-1989-A89-7015,https://images-assets.nasa.gov/image/ARC-1989-A89-7015/ARC-1989-A89-7015~thumb.jpg
ARC-1989-A89-7041,http://images.nasa.gov/details-ARC-1989-A89-7041.html,ARC-1989-A89-7041,https://images-assets.nasa.gov/image/ARC-1989-A89-7041/ARC-1989-A89-7041~thumb.jpg
ARC-1989-AC89-7036,http://images.nasa.gov/details-ARC-1989-AC89-7036.html,ARC-1989-AC89-7036,https://images-assets.nasa.gov/image/ARC-1989-AC89-7036/ARC-1989-AC89-7036~thumb.jpg
Young Star HD 141569,http://images.nasa.gov/details-PIA21090.html,PIA21090,https://images-assets.nasa.gov/image/PIA21090/PIA21090~thumb.jpg
The Coming and Going of Ice,http://images.nasa.gov/details-PIA20208.html,PIA20208,https://images-assets.nasa.gov/image/PIA20208/PIA20208~thumb.jpg
Kepler K2-138 System (Artist's Concept),http://images.nasa.gov/details-PIA22088.html,PIA22088,https://images-assets.nasa.gov/image/PIA22088/PIA22088~thumb.jpg
ARC-1989-A89-7008,http://images.nasa.gov/details-ARC-1989-A89-7008.html,ARC-1989-A89-7008,https://images-assets.nasa.gov/image/ARC-1989-A89-7008/ARC-1989-A89-7008~thumb.jpg
ARC-1989-AC89-7032,http://images.nasa.gov/details-ARC-1989-AC89-7032.html,ARC-1989-AC89-7032,https://images-assets.nasa.gov/image/ARC-1989-AC89-7032/ARC-1989-AC89-7032~thumb.jpg
ARC-1989-AC89-7044,http://images.nasa.gov/details-ARC-1989-AC89-7044.html,ARC-1989-AC89-7044,https://images-assets.nasa.gov/image/ARC-1989-AC89-7044/ARC-1989-AC89-7044~thumb.jpg
NASA's New Horizons Pluto Mission: Continuing Voyager's Legacy o,http://images.nasa.gov/details-201408250012HQ.html,201408250012HQ,https://images-assets.nasa.gov/image/201408250012HQ/201408250012HQ~thumb.jpg
ARC-1989-AC89-7014,http://images.nasa.gov/details-ARC-1989-AC89-7014.html,ARC-1989-AC89-7014,https://images-assets.nasa.gov/image/ARC-1989-AC89-7014/ARC-1989-AC89-7014~thumb.jpg
KSC-2012-1867,http://images.nasa.gov/details-KSC-2012-1867.html,KSC-2012-1867,https://images-assets.nasa.gov/image/KSC-2012-1867/KSC-2012-1867~thumb.jpg
Global Color Mosaic of Triton,http://images.nasa.gov/details-PIA00317.html,PIA00317,https://images-assets.nasa.gov/image/PIA00317/PIA00317~thumb.jpg
How to Make a Helium Atmosphere,http://images.nasa.gov/details-PIA19345.html,PIA19345,https://images-assets.nasa.gov/image/PIA19345/PIA19345~thumb.jpg
Microgravity,http://images.nasa.gov/details-0101731.html,0101731,https://images-assets.nasa.gov/image/0101731/0101731~thumb.jpg
ARC-1989-A89-7021,http://images.nasa.gov/details-ARC-1989-A89-7021.html,ARC-1989-A89-7021,https://images-assets.nasa.gov/image/ARC-1989-A89-7021/ARC-1989-A89-7021~thumb.jpg
ARC-1989-A89-7025,http://images.nasa.gov/details-ARC-1989-A89-7025.html,ARC-1989-A89-7025,https://images-assets.nasa.gov/image/ARC-1989-A89-7025/ARC-1989-A89-7025~thumb.jpg
ARC-1989-A89-7051,http://images.nasa.gov/details-ARC-1989-A89-7051.html,ARC-1989-A89-7051,https://images-assets.nasa.gov/image/ARC-1989-A89-7051/ARC-1989-A89-7051~thumb.jpg
ARC-1989-AC89-7011,http://images.nasa.gov/details-ARC-1989-AC89-7011.html,ARC-1989-AC89-7011,https://images-assets.nasa.gov/image/ARC-1989-AC89-7011/ARC-1989-AC89-7011~thumb.jpg
ARC-1989-AC89-7022,http://images.nasa.gov/details-ARC-1989-AC89-7022.html,ARC-1989-AC89-7022,https://images-assets.nasa.gov/image/ARC-1989-AC89-7022/ARC-1989-AC89-7022~thumb.jpg
KSC-05pd2264,http://images.nasa.gov/details-KSC-05pd2264.html,KSC-05pd2264,https://images-assets.nasa.gov/image/KSC-05pd2264/KSC-05pd2264~thumb.jpg
KSC-05pd2266,http://images.nasa.gov/details-KSC-05pd2266.html,KSC-05pd2266,https://images-assets.nasa.gov/image/KSC-05pd2266/KSC-05pd2266~thumb.jpg
KSC-05pd2267,http://images.nasa.gov/details-KSC-05pd2267.html,KSC-05pd2267,https://images-assets.nasa.gov/image/KSC-05pd2267/KSC-05pd2267~thumb.jpg
KSC-05pd2268,http://images.nasa.gov/details-KSC-05pd2268.html,KSC-05pd2268,https://images-assets.nasa.gov/image/KSC-05pd2268/KSC-05pd2268~thumb.jpg
KSC-05pd2269,http://images.nasa.gov/details-KSC-05pd2269.html,KSC-05pd2269,https://images-assets.nasa.gov/image/KSC-05pd2269/KSC-05pd2269~thumb.jpg
KSC-05pd2273,http://images.nasa.gov/details-KSC-05pd2273.html,KSC-05pd2273,https://images-assets.nasa.gov/image/KSC-05pd2273/KSC-05pd2273~thumb.jpg
KSC-05pd2284,http://images.nasa.gov/details-KSC-05pd2284.html,KSC-05pd2284,https://images-assets.nasa.gov/image/KSC-05pd2284/KSC-05pd2284~thumb.jpg
KSC-05pd2288,http://images.nasa.gov/details-KSC-05pd2288.html,KSC-05pd2288,https://images-assets.nasa.gov/image/KSC-05pd2288/KSC-05pd2288~thumb.jpg
KSC-05pd2289,http://images.nasa.gov/details-KSC-05pd2289.html,KSC-05pd2289,https://images-assets.nasa.gov/image/KSC-05pd2289/KSC-05pd2289~thumb.jpg
KSC-05pd2302,http://images.nasa.gov/details-KSC-05pd2302.html,KSC-05pd2302,https://images-assets.nasa.gov/image/KSC-05pd2302/KSC-05pd2302~thumb.jpg
KSC-05pd2303,http://images.nasa.gov/details-KSC-05pd2303.html,KSC-05pd2303,https://images-assets.nasa.gov/image/KSC-05pd2303/KSC-05pd2303~thumb.jpg
KSC-05pd2304,http://images.nasa.gov/details-KSC-05pd2304.html,KSC-05pd2304,https://images-assets.nasa.gov/image/KSC-05pd2304/KSC-05pd2304~thumb.jpg
KSC-05pd2305,http://images.nasa.gov/details-KSC-05pd2305.html,KSC-05pd2305,https://images-assets.nasa.gov/image/KSC-05pd2305/KSC-05pd2305~thumb.jpg
KSC-05pd2307,http://images.nasa.gov/details-KSC-05pd2307.html,KSC-05pd2307,https://images-assets.nasa.gov/image/KSC-05pd2307/KSC-05pd2307~thumb.jpg
KSC-05pd2308,http://images.nasa.gov/details-KSC-05pd2308.html,KSC-05pd2308,https://images-assets.nasa.gov/image/KSC-05pd2308/KSC-05pd2308~thumb.jpg
Microgravity,http://images.nasa.gov/details-0101732.html,0101732,https://images-assets.nasa.gov/image/0101732/0101732~thumb.jpg
Microgravity,http://images.nasa.gov/details-0101733.html,0101733,https://images-assets.nasa.gov/image/0101733/0101733~thumb.jpg
Space Science,http://images.nasa.gov/details-7994970.html,7994970,https://images-assets.nasa.gov/image/7994970/7994970~thumb.jpg
ARC-1989-A89-7028,http://images.nasa.gov/details-ARC-1989-A89-7028.html,ARC-1989-A89-7028,https://images-assets.nasa.gov/image/ARC-1989-A89-7028/ARC-1989-A89-7028~thumb.jpg
ARC-1989-AC89-7002,http://images.nasa.gov/details-ARC-1989-AC89-7002.html,ARC-1989-AC89-7002,https://images-assets.nasa.gov/image/ARC-1989-AC89-7002/ARC-1989-AC89-7002~thumb.jpg
ARC-1989-AC89-7013,http://images.nasa.gov/details-ARC-1989-AC89-7013.html,ARC-1989-AC89-7013,https://images-assets.nasa.gov/image/ARC-1989-AC89-7013/ARC-1989-AC89-7013~thumb.jpg
KSC-05pd2265,http://images.nasa.gov/details-KSC-05pd2265.html,KSC-05pd2265,https://images-assets.nasa.gov/image/KSC-05pd2265/KSC-05pd2265~thumb.jpg
KSC-05pd2270,http://images.nasa.gov/details-KSC-05pd2270.html,KSC-05pd2270,https://images-assets.nasa.gov/image/KSC-05pd2270/KSC-05pd2270~thumb.jpg
KSC-05pd2274,http://images.nasa.gov/details-KSC-05pd2274.html,KSC-05pd2274,https://images-assets.nasa.gov/image/KSC-05pd2274/KSC-05pd2274~thumb.jpg
KSC-05pd2283,http://images.nasa.gov/details-KSC-05pd2283.html,KSC-05pd2283,https://images-assets.nasa.gov/image/KSC-05pd2283/KSC-05pd2283~thumb.jpg
KSC-05pd2286,http://images.nasa.gov/details-KSC-05pd2286.html,KSC-05pd2286,https://images-assets.nasa.gov/image/KSC-05pd2286/KSC-05pd2286~thumb.jpg
KSC-05pd2287,http://images.nasa.gov/details-KSC-05pd2287.html,KSC-05pd2287,https://images-assets.nasa.gov/image/KSC-05pd2287/KSC-05pd2287~thumb.jpg
KSC-05pd2306,http://images.nasa.gov/details-KSC-05pd2306.html,KSC-05pd2306,https://images-assets.nasa.gov/image/KSC-05pd2306/KSC-05pd2306~thumb.jpg
KSC-05pd2309,http://images.nasa.gov/details-KSC-05pd2309.html,KSC-05pd2309,https://images-assets.nasa.gov/image/KSC-05pd2309/KSC-05pd2309~thumb.jpg
KSC-05pd2310,http://images.nasa.gov/details-KSC-05pd2310.html,KSC-05pd2310,https://images-assets.nasa.gov/image/KSC-05pd2310/KSC-05pd2310~thumb.jpg
Solar System Portrait - Views of 6 Planets,http://images.nasa.gov/details-PIA00453.html,PIA00453,https://images-assets.nasa.gov/image/PIA00453/PIA00453~thumb.jpg
ARC-1989-AC89-7038,http://images.nasa.gov/details-ARC-1989-AC89-7038.html,ARC-1989-AC89-7038,https://images-assets.nasa.gov/image/ARC-1989-AC89-7038/ARC-1989-AC89-7038~thumb.jpg
Hubble Sees a “Behemoth” Bleeding Atmosphere Around a Warm Exoplanet,http://images.nasa.gov/details-hubble-sees-a-behemoth-bleeding-atmosphere-around-a-warm-exoplanet_19125041621_o.html,hubble-sees-a-behemoth-bleeding-atmosphere-around-a-warm-exoplanet_19125041621_o,https://images-assets.nasa.gov/image/hubble-sees-a-behemoth-bleeding-atmosphere-around-a-warm-exoplanet_19125041621_o/hubble-sees-a-behemoth-bleeding-atmosphere-around-a-warm-exoplanet_19125041621_o~thumb.jpg
Hubble Sees a “Behemoth” Bleeding Atmosphere Around a Warm Exoplanet,http://images.nasa.gov/details-GSFC_20171208_Archive_e000704.html,GSFC_20171208_Archive_e000704,https://images-assets.nasa.gov/image/GSFC_20171208_Archive_e000704/GSFC_20171208_Archive_e000704~thumb.jpg
ARC-1989-AC89-7016,http://images.nasa.gov/details-ARC-1989-AC89-7016.html,ARC-1989-AC89-7016,https://images-assets.nasa.gov/image/ARC-1989-AC89-7016/ARC-1989-AC89-7016~thumb.jpg
KSC-05pd2277,http://images.nasa.gov/details-KSC-05pd2277.html,KSC-05pd2277,https://images-assets.nasa.gov/image/KSC-05pd2277/KSC-05pd2277~thumb.jpg
KSC-05pd2311,http://images.nasa.gov/details-KSC-05pd2311.html,KSC-05pd2311,https://images-assets.nasa.gov/image/KSC-05pd2311/KSC-05pd2311~thumb.jpg
KSC-05pd2312,http://images.nasa.gov/details-KSC-05pd2312.html,KSC-05pd2312,https://images-assets.nasa.gov/image/KSC-05pd2312/KSC-05pd2312~thumb.jpg
KSC-05pd2313,http://images.nasa.gov/details-KSC-05pd2313.html,KSC-05pd2313,https://images-assets.nasa.gov/image/KSC-05pd2313/KSC-05pd2313~thumb.jpg
KSC-05pd2314,http://images.nasa.gov/details-KSC-05pd2314.html,KSC-05pd2314,https://images-assets.nasa.gov/image/KSC-05pd2314/KSC-05pd2314~thumb.jpg
KSC-05pd2319,http://images.nasa.gov/details-KSC-05pd2319.html,KSC-05pd2319,https://images-assets.nasa.gov/image/KSC-05pd2319/KSC-05pd2319~thumb.jpg
KSC-05pd2320,http://images.nasa.gov/details-KSC-05pd2320.html,KSC-05pd2320,https://images-assets.nasa.gov/image/KSC-05pd2320/KSC-05pd2320~thumb.jpg
KSC-05pd2322,http://images.nasa.gov/details-KSC-05pd2322.html,KSC-05pd2322,https://images-assets.nasa.gov/image/KSC-05pd2322/KSC-05pd2322~thumb.jpg
KSC-05pd2323,http://images.nasa.gov/details-KSC-05pd2323.html,KSC-05pd2323,https://images-assets.nasa.gov/image/KSC-05pd2323/KSC-05pd2323~thumb.jpg
KSC-05pd2525,http://images.nasa.gov/details-KSC-05pd2525.html,KSC-05pd2525,https://images-assets.nasa.gov/image/KSC-05pd2525/KSC-05pd2525~thumb.jpg
KSC-05pd2526,http://images.nasa.gov/details-KSC-05pd2526.html,KSC-05pd2526,https://images-assets.nasa.gov/image/KSC-05pd2526/KSC-05pd2526~thumb.jpg
KSC-05pd2528,http://images.nasa.gov/details-KSC-05pd2528.html,KSC-05pd2528,https://images-assets.nasa.gov/image/KSC-05pd2528/KSC-05pd2528~thumb.jpg
KSC-05pd2529,http://images.nasa.gov/details-KSC-05pd2529.html,KSC-05pd2529,https://images-assets.nasa.gov/image/KSC-05pd2529/KSC-05pd2529~thumb.jpg
ARC-1989-A89-7024,http://images.nasa.gov/details-ARC-1989-A89-7024.html,ARC-1989-A89-7024,https://images-assets.nasa.gov/image/ARC-1989-A89-7024/ARC-1989-A89-7024~thumb.jpg
Launch Vehicle Directorate and Centaur Rocket Model,http://images.nasa.gov/details-GRC-1979-C-02339.html,GRC-1979-C-02339,https://images-assets.nasa.gov/image/GRC-1979-C-02339/GRC-1979-C-02339~thumb.jpg
KSC-05pd2271,http://images.nasa.gov/details-KSC-05pd2271.html,KSC-05pd2271,https://images-assets.nasa.gov/image/KSC-05pd2271/KSC-05pd2271~thumb.jpg
KSC-05pd2275,http://images.nasa.gov/details-KSC-05pd2275.html,KSC-05pd2275,https://images-assets.nasa.gov/image/KSC-05pd2275/KSC-05pd2275~thumb.jpg
KSC-05pd2276,http://images.nasa.gov/details-KSC-05pd2276.html,KSC-05pd2276,https://images-assets.nasa.gov/image/KSC-05pd2276/KSC-05pd2276~thumb.jpg
KSC-05pd2315,http://images.nasa.gov/details-KSC-05pd2315.html,KSC-05pd2315,https://images-assets.nasa.gov/image/KSC-05pd2315/KSC-05pd2315~thumb.jpg
KSC-05pd2316,http://images.nasa.gov/details-KSC-05pd2316.html,KSC-05pd2316,https://images-assets.nasa.gov/image/KSC-05pd2316/KSC-05pd2316~thumb.jpg
KSC-05pd2317,http://images.nasa.gov/details-KSC-05pd2317.html,KSC-05pd2317,https://images-assets.nasa.gov/image/KSC-05pd2317/KSC-05pd2317~thumb.jpg
KSC-05pd2318,http://images.nasa.gov/details-KSC-05pd2318.html,KSC-05pd2318,https://images-assets.nasa.gov/image/KSC-05pd2318/KSC-05pd2318~thumb.jpg
KSC-05pd2321,http://images.nasa.gov/details-KSC-05pd2321.html,KSC-05pd2321,https://images-assets.nasa.gov/image/KSC-05pd2321/KSC-05pd2321~thumb.jpg
KSC-05pd2393,http://images.nasa.gov/details-KSC-05pd2393.html,KSC-05pd2393,https://images-assets.nasa.gov/image/KSC-05pd2393/KSC-05pd2393~thumb.jpg
KSC-05pd2522,http://images.nasa.gov/details-KSC-05pd2522.html,KSC-05pd2522,https://images-assets.nasa.gov/image/KSC-05pd2522/KSC-05pd2522~thumb.jpg
KSC-05pd2523,http://images.nasa.gov/details-KSC-05pd2523.html,KSC-05pd2523,https://images-assets.nasa.gov/image/KSC-05pd2523/KSC-05pd2523~thumb.jpg
KSC-05pd2524,http://images.nasa.gov/details-KSC-05pd2524.html,KSC-05pd2524,https://images-assets.nasa.gov/image/KSC-05pd2524/KSC-05pd2524~thumb.jpg
KSC-05pd2527,http://images.nasa.gov/details-KSC-05pd2527.html,KSC-05pd2527,https://images-assets.nasa.gov/image/KSC-05pd2527/KSC-05pd2527~thumb.jpg
Blue Orb on the Horizon,http://images.nasa.gov/details-PIA17178.html,PIA17178,https://images-assets.nasa.gov/image/PIA17178/PIA17178~thumb.jpg
TRAPPIST-1 Planet Lineup,http://images.nasa.gov/details-PIA21422.html,PIA21422,https://images-assets.nasa.gov/image/PIA21422/PIA21422~thumb.jpg
Voyager 2 and the Scale of the Solar System (Artist Concept),http://images.nasa.gov/details-PIA22921.html,PIA22921,https://images-assets.nasa.gov/image/PIA22921/PIA22921~thumb.jpg
TRAPPIST-1 Planets - Flyaround Animation,http://images.nasa.gov/details-PIA21468.html,PIA21468,https://images-assets.nasa.gov/image/PIA21468/PIA21468~thumb.jpg
Hubble’s Planetary Portrait Captures New Changes in Jupiter’s Great Red Spot,http://images.nasa.gov/details-GSFC_20171208_Archive_e000536.html,GSFC_20171208_Archive_e000536,https://images-assets.nasa.gov/image/GSFC_20171208_Archive_e000536/GSFC_20171208_Archive_e000536~thumb.jpg
Hubble’s Planetary Portrait Captures New Changes in Jupiter’s Great Red Spot,http://images.nasa.gov/details-GSFC_20171208_Archive_e000537.html,GSFC_20171208_Archive_e000537,https://images-assets.nasa.gov/image/GSFC_20171208_Archive_e000537/GSFC_20171208_Archive_e000537~thumb.jpg
Hubble sees the beautiful demises of dying star,http://images.nasa.gov/details-GSFC_20171208_Archive_e000210.html,GSFC_20171208_Archive_e000210,https://images-assets.nasa.gov/image/GSFC_20171208_Archive_e000210/GSFC_20171208_Archive_e000210~thumb.jpg
"Solar System, in Perspective",http://images.nasa.gov/details-GSFC_20171208_Archive_e001171.html,GSFC_20171208_Archive_e001171,https://images-assets.nasa.gov/image/GSFC_20171208_Archive_e001171/GSFC_20171208_Archive_e001171~thumb.jpg
