http://catalog.hathitrust.org/Record/009488701,"['Further radiometric measurements and temperature estimates of the planet Mars, 1926 /']"
http://catalog.gpo.gov/F/?func=direct&doc_number=000877613&format=999,"MSL/Curiosity, the next Mars rover"
http://catalog.gpo.gov/F/?func=direct&doc_number=000877618&format=999,Mars Science Laboratory/Curiosity
http://catalog.hathitrust.org/Record/009587511,"['The mania of the nations on the planet Mars, and its terrific consequences; a combination of fun and wisdom']"
http://catalog.hathitrust.org/Record/011426624,['Scientific guidelines for preservation of samples collected from Mars /']
http://georgiaencyclopedia.org/file/8496,Entomopter artificial insect
http://catalog.gpo.gov/F/?func=direct&doc_number=000877612&format=999,Mars exploration radioisotope power and heating for Mars surface exploration
http://catalog.hathitrust.org/Record/011443751,['Saltation on Mars and expected lifetime of Viking 75 wind sensors /']
http://catalog.hathitrust.org/Record/011447166,['Experiments from a small probe which enters the atmosphere of Mars /']
http://catalog.gpo.gov/F/?func=direct&doc_number=000969130&format=999,NASA's journey to Mars : pioneering next steps in space exploration /
http://catalog.hathitrust.org/Record/006520384,"['Is Mars habitable? A critical examination of Professor Percival Lowell\'s book ""Mars and its canals,"" with an alternative explanation']"
http://utah-primoprod.hosted.exlibrisgroup.com/primo_library/libweb/action/dlDisplay.do?vid=MWDL&afterPDS=true&docId=digcoll_usl_22library2_lib/81571,"Mars : visit the historic sites : multiple tours available, robotic pioneers, arts & culture, architecure & agriculture [poster]"
http://catalog.hathitrust.org/Record/011425418,['Automated Mars surface sample return mission concepts for achievement of essential scientific objectives /']
http://catalog.hathitrust.org/Record/011448410,['Flight test of a 15-foot-diameter (4.6-meter) 120 ̊conical spacecraft simulating parachute deployment in a Mars atmosphere /']
http://www.georgiaencyclopedia.org/articles/business-economy/entomopter-artificial-insect,Entomopter artificial insect
http://utah-primoprod.hosted.exlibrisgroup.com/primo_library/libweb/action/dlDisplay.do?vid=MWDL&afterPDS=true&docId=digcoll_usl_22library2_lib/81579,Surveyors wanted [poster]
http://utah-primoprod.hosted.exlibrisgroup.com/primo_library/libweb/action/dlDisplay.do?vid=MWDL&afterPDS=true&docId=digcoll_usl_22library2_lib/81576,Mars explorers wanted [poster]
http://catalog.hathitrust.org/Record/011431240,['Sedimentary features on the surface of Mars as seen from Mariner 6 and 7 photographs /']
http://catalog.hathitrust.org/Record/009752476,['Mars Rover 1996 mission concept : (partial results of the 1986 preliminary study of an Mars Rover/Sample Return mission /']
http://utah-primoprod.hosted.exlibrisgroup.com/primo_library/libweb/action/dlDisplay.do?vid=MWDL&afterPDS=true&docId=digcoll_usl_22library2_lib/81583,We need you [poster]
http://utah-primoprod.hosted.exlibrisgroup.com/primo_library/libweb/action/dlDisplay.do?vid=MWDL&afterPDS=true&docId=digcoll_usl_22library2_lib/81580,Teach on Mars [poster]
http://utah-primoprod.hosted.exlibrisgroup.com/primo_library/libweb/action/dlDisplay.do?vid=MWDL&afterPDS=true&docId=digcoll_usl_22library2_lib/81581,Technicians wanted [poster]
http://utah-primoprod.hosted.exlibrisgroup.com/primo_library/libweb/action/dlDisplay.do?vid=MWDL&afterPDS=true&docId=digcoll_usl_22library2_lib/81582,Some user assembly required [poster]
http://catalog.hathitrust.org/Record/011425310,['Mars surface penetrator : system description /']
http://catalog.hathitrust.org/Record/011445748,['A conceptual design and operational characteristics for a Mars rover for a 1979 or 1981 Viking science mission /']
http://catalog.hathitrust.org/Record/011415386,"['Nergal, the 4th planet : an exercise in imagination : activities for the elementary student']"
http://catalog.hathitrust.org/Record/011423155,['Conceptual design of a synchronous Mars telecommunications satellite /']
http://catalog.hathitrust.org/Record/011446221,['Flight tests of Viking parachute system in three Mach number regimes /']
http://catalog.hathitrust.org/Record/011449680,['Parachute-deployment-parameter identification based on an analytical simulation of Viking BLDT AV-4 /']
http://utah-primoprod.hosted.exlibrisgroup.com/primo_library/libweb/action/dlDisplay.do?vid=MWDL&afterPDS=true&docId=digcoll_usl_22library2_lib/81584,Mars explorers wanted [poster]
http://utah-primoprod.hosted.exlibrisgroup.com/primo_library/libweb/action/dlDisplay.do?vid=MWDL&afterPDS=true&docId=digcoll_usl_22library2_lib/81577,Work the night shift on Mar's moon [poster]
http://catalog.hathitrust.org/Record/006535741,['Six months in Ascension : an unscientific account of a scientific expedition /']
http://lhldigital.lindahall.org/cdm/ref/collection/parachute/id/729,['Flight tests of Viking parachute system in three Mach number regimes']
http://catalog.hathitrust.org/Record/011449330,['A filter spectrometer concept for facsimile cameras /']
http://catalog.hathitrust.org/Record/011449704,['Design and evaluation of a filter spectrometer concept for facsimile cameras /']
http://catalog.hathitrust.org/Record/011445524,['Investigation of responsivity and noise in a direct-coupled photodetector-preamplifier for facsimile cameras']
http://catalog.hathitrust.org/Record/011433117,['A Monte Carlo analysis of the Viking lander dynamics at touchdown /']
http://catalog.hathitrust.org/Record/011442925,['Three-dimensional trajectory analysis for round-trip missions to Mars /']
http://catalog.hathitrust.org/Record/011417310,"['The Mars millennium project : picture the future : a national arts, sciences, and technology education initiative']"
http://catalog.hathitrust.org/Record/011423884,['Metallized propellants for the human exploration of Mars /']
http://catalog.gpo.gov/F/?func=direct&doc_number=000958193&format=999,"From here to Mars : hearing before the Subcommittee on Science and Space of the Committee on Commerce, Science, and Transportation, United States Senate, One Hundred Thirteenth Congress, second session, April 9, 2014"
http://utah-primoprod.hosted.exlibrisgroup.com/primo_library/libweb/action/dlDisplay.do?vid=MWDL&afterPDS=true&docId=digcoll_usl_22library2_lib/81578,Farmers wanted [poster]
http://catalog.hathitrust.org/Record/011446938,['An Analysis of the facsimile-camera response to radiant point sources /']
http://catalog.hathitrust.org/Record/008516888,"[""President's request for Mars and Lunar missions : hearing before the Subcommittee on Space Science and Applications of the Committee on Science, Space, and Technology, U.S. House of Representatives, One Hundred First Congress, first session, September 26, 1989""]"
http://catalog.hathitrust.org/Record/011431812,['Aerobrake concepts for NTP systems study /']
http://catalog.gpo.gov/F/?func=direct&doc_number=000877616&format=999,Planetary protection for Mars Science Laboratory
http://catalog.gpo.gov/F/?func=direct&doc_number=000877606&format=999,Mars Science Laboratory launch nuclear safety
http://catalog.hathitrust.org/Record/101649070,"[""Exploring Mars and beyond : what's next for U.S. planetary science : hearing before the Subcommittee on Space and Aeronautics, Committee on Science, Space, and Technology, House of Representatives, One Hundred Twelfth Congress, first session, Tuesday, November 15, 2011""]"
http://catalog.gpo.gov/F/?func=direct&doc_number=000885273&format=999,"Exploring Mars and beyond what's next for U.S. planetary science : hearing before the Subcommittee on Space and Aeronautics, Committee on Science, Space, and Technology, House of Representatives, One Hundred Twelfth Congress, first session, Tuesday, November 15, 2011"
http://catalog.gpo.gov/F/?func=direct&doc_number=000909731&format=999,"The path from LEO to Mars : hearing before the Committee on Commerce, Science, and Transportation, United States Senate, One Hundred Twelfth Congress, second session, September 12, 2012"
http://catalog.hathitrust.org/Record/000108067,['The war of the worlds /']
http://catalog.hathitrust.org/Record/012404881,"[""NASA's Mars program after the Young report, parts I & II : hearing before the Committee on Science, House of Representatives, One Hundred Sixth Congress, second session, April 12 and June 13, 2000""]"
https://archive.mpr.org/stories/1997/07/13/researcher-is-waiting-for-better-info-from,Researcher is waiting for better info from Mars
http://catalog.hathitrust.org/Record/001476735,"['The sun: its planets and their satellites. A course of lectures upon the solar system. Read in Gresham college, London, in years 1881 and 1882, pursuant to the will of Sir Thomas Gresham']"
http://digitalcollections.nypl.org/items/b6e9b8e0-9d6c-0135-2b80-6f3ddc10cd36,Lead (arzîz) associated with Jupiter (Mushtarî) [top]; Iron (âhan) associated with the planet Mars (Mirrîkh) [bottom]
http://catalog.hathitrust.org/Record/007920443,"['The certainty of a future life in Mars, being the posthumous papers of Bradford Torrey Dodd']"
http://catalog.archives.gov/id/22920031,['STS070-391-028 - STS-070 - Views of earth limb horizon during sunrise with Mars and Venus rising']
http://catalog.archives.gov/id/22920005,['STS070-391-015 - STS-070 - Views of earth limb horizon during sunrise with Mars and Venus rising']
http://catalog.archives.gov/id/22920015,['STS070-391-020 - STS-070 - Views of earth limb horizon during sunrise with Mars and Venus rising']
http://catalog.archives.gov/id/22920027,['STS070-391-026 - STS-070 - Views of earth limb horizon during sunrise with Mars and Venus rising']
http://catalog.archives.gov/id/22920023,['STS070-391-024 - STS-070 - Views of earth limb horizon during sunrise with Mars and Venus rising']
http://catalog.archives.gov/id/22920007,['STS070-391-016 - STS-070 - Views of earth limb horizon during sunrise with Mars and Venus rising']
http://catalog.archives.gov/id/22920013,['STS070-391-019 - STS-070 - Views of earth limb horizon during sunrise with Mars and Venus rising']
http://catalog.archives.gov/id/22920021,['STS070-391-023 - STS-070 - Views of earth limb horizon during sunrise with Mars and Venus rising']
http://catalog.archives.gov/id/22920025,['STS070-391-025 - STS-070 - Views of earth limb horizon during sunrise with Mars and Venus rising']
http://catalog.archives.gov/id/22920017,['STS070-391-021 - STS-070 - Views of earth limb horizon during sunrise with Mars and Venus rising']
http://catalog.archives.gov/id/22920009,['STS070-391-017 - STS-070 - Views of earth limb horizon during sunrise with Mars and Venus rising']
http://catalog.archives.gov/id/22920019,['STS070-391-022 - STS-070 - Views of earth limb horizon during sunrise with Mars and Venus rising']
http://catalog.archives.gov/id/22920029,['STS070-391-027 - STS-070 - Views of earth limb horizon during sunrise with Mars and Venus rising']
http://catalog.archives.gov/id/22920011,['STS070-391-018 - STS-070 - Views of earth limb horizon during sunrise with Mars and Venus rising']
http://catalog.hathitrust.org/Record/011431236,['The effect of angle of attack on the buckling of Mars entry aeroshells /']
http://digitallibrary.usc.edu/cdm/ref/collection/p15799coll44/id/64588,"Astronomy--space travel, 1958"
http://catalog.archives.gov/id/22919989,['STS070-391-007 - STS-070 - Views of earth limb horizon during sunrise with Mars and Venus rising']
http://catalog.archives.gov/id/22919977,['STS070-391-001 - STS-070 - Views of earth limb horizon during sunrise with Mars and Venus rising']
http://catalog.archives.gov/id/22919991,['STS070-391-008 - STS-070 - Views of earth limb horizon during sunrise with Mars and Venus rising']
http://catalog.archives.gov/id/22920001,['STS070-391-013 - STS-070 - Views of earth limb horizon during sunrise with Mars and Venus rising']
http://catalog.archives.gov/id/22920035,['STS070-391-030 - STS-070 - Views of earth limb horizon during sunrise with Mars and Venus rising']
http://catalog.archives.gov/id/22919985,['STS070-391-005 - STS-070 - Views of earth limb horizon during sunrise with Mars and Venus rising']
http://catalog.archives.gov/id/22919997,['STS070-391-011 - STS-070 - Views of earth limb horizon during sunrise with Mars and Venus rising']
http://catalog.archives.gov/id/22919987,['STS070-391-006 - STS-070 - Views of earth limb horizon during sunrise with Mars and Venus rising']
http://catalog.archives.gov/id/22920003,['STS070-391-014 - STS-070 - Views of earth limb horizon during sunrise with Mars and Venus rising']
http://catalog.archives.gov/id/22920041,['STS070-391-033 - STS-070 - Views of earth limb horizon during sunrise with Mars and Venus rising']
http://catalog.archives.gov/id/22920043,['STS070-391-034 - STS-070 - Views of earth limb horizon during sunrise with Mars and Venus rising']
http://catalog.archives.gov/id/22919983,['STS070-391-004 - STS-070 - Views of earth limb horizon during sunrise with Mars and Venus rising']
http://catalog.archives.gov/id/22919981,['STS070-391-003 - STS-070 - Views of earth limb horizon during sunrise with Mars and Venus rising']
http://catalog.archives.gov/id/22919993,['STS070-391-009 - STS-070 - Views of earth limb horizon during sunrise with Mars and Venus rising']
http://catalog.archives.gov/id/22919995,['STS070-391-010 - STS-070 - Views of earth limb horizon during sunrise with Mars and Venus rising']
http://catalog.archives.gov/id/22920037,['STS070-391-031 - STS-070 - Views of earth limb horizon during sunrise with Mars and Venus rising']
http://catalog.archives.gov/id/22920033,['STS070-391-029 - STS-070 - Views of earth limb horizon during sunrise with Mars and Venus rising']
http://catalog.archives.gov/id/22919979,['STS070-391-002 - STS-070 - Views of earth limb horizon during sunrise with Mars and Venus rising']
http://catalog.archives.gov/id/22919999,['STS070-391-012 - STS-070 - Views of earth limb horizon during sunrise with Mars and Venus rising']
http://catalog.archives.gov/id/22920039,['STS070-391-032 - STS-070 - Views of earth limb horizon during sunrise with Mars and Venus rising']
http://collections.carli.illinois.edu/cdm/ref/collection/sic_insight/id/435,"Don Michel 'Insight' radio interview with Dr. Alfred W. Richardson, July 13, 1967"
http://catalog.hathitrust.org/Record/008893974,['Annals of the Lowell Observatory']
http://catalog.hathitrust.org/Record/011448750,['Free-flight measurements of the static and dynamic stability and drag of a 10 degree blunted cone at mach numbers 3.5 and 8.5 Peter F. Intrieri']
https://www.davidrumsey.com/luna/servlet/detail/RUMSEY~8~1~292750~90064008,"['Mars Marte : North Pole. Meridian 0 (degree). South Pole. Meridian 120 (Degree). Meridian 240 (Degree). (cover title) Mars Marte. Der rote Planet. The red planet. la planete rouge. Il pianeta rosso. Hallwag Verlag. Bern. Hallwag Publishers', 'Mars Marte']"
https://www.davidrumsey.com/luna/servlet/detail/RUMSEY~8~1~292748~90064006,"['(Covers to) Mars Marte : North Pole. Meridian 0 (degree). South Pole. Meridian 120 (Degree). Meridian 240 (Degree). (cover title) Mars Marte. Der rote Planet. The red planet. la planete rouge. Il pianeta rosso. Hallwag Verlag. Bern. Hallwag Publishers', 'Mars Marte : North Pole. Meridian 0 (degree). South Pole. Meridian 120 (Degree). Meridian 240 (Degree). (cover title) Mars Marte. Der rote Planet. The red planet. la planete rouge. Il pianeta rosso. Hallwag Verlag. Bern. Hallwag Publishers', 'Covers: Mars Marte. Der rote Planet. The red planet. la planete rouge. Il pianeta rosso']"
https://www.davidrumsey.com/luna/servlet/detail/RUMSEY~8~1~292749~90064007,"['(Text Page to) Mars Marte : North Pole. Meridian 0 (degree). South Pole. Meridian 120 (Degree). Meridian 240 (Degree). (cover title) Mars Marte. Der rote Planet. The red planet. la planete rouge. Il pianeta rosso. Hallwag Verlag. Bern. Hallwag Publishers', 'Mars Marte : North Pole. Meridian 0 (degree). South Pole. Meridian 120 (Degree). Meridian 240 (Degree). (cover title) Mars Marte. Der rote Planet. The red planet. la planete rouge. Il pianeta rosso. Hallwag Verlag. Bern. Hallwag Publishers', 'Text Page: Mars Marte']"
https://archive.mpr.org/stories/2003/08/27/mars-closest-point-60000-years,"Mars at closest point in 60,000 years"
http://catalog.archives.gov/id/649457,['Planet Mars']
https://archive.mpr.org/stories/2001/07/12/local-astronomer-talks-about-our-relationship-mars,Local astronomer talks about our relationship to Mars
http://catalog.archives.gov/id/22920045,['STS070-391-035 - STS-070 - Views of earth limb horizon during sunrise with Mars and Venus rising']
http://archives-dc.library.caltech.edu/islandora/object/ct1%3A9582,['Norman Horowitz (center) Jerry S. Hubbard (left) and James P Hardy (right)']
http://catalog.hathitrust.org/Record/006515617,['The destinies of the stars']
http://www.crossroadstofreedom.org/view.player?pid=rds:58233,['Memphis World: SPACECRAFT AND MARS']
https://tessa.lapl.org/cdm/ref/collection/photos/id/74545,['Valley optical ace has home sky show']
http://collections.si.edu/search/results.htm?q=record_ID%3Anasm_A19840658000&repo=DPLA,"Klystron Tube, 100KW"
http://ccdl.libraries.claremont.edu/cdm/ref/collection/cmt/id/126,"['Buzz Aldrin interview, 1989']"
http://catalog.gpo.gov/F/?func=direct&doc_number=000555599&format=999,Topographic and color-coded contour maps of Mars /
https://www.davidrumsey.com/luna/servlet/detail/RUMSEY~8~1~292158~90064299,"['Destination Mars. National Geographic. Copyright 2001 National Geographic Society, Washington, D.C. Revised 2012. 22075. Mars image created by Michael Caplinger and Michael C Malin. (inset views) North pole. (with) South pole. (on verso) Verso: Mars revealed : a new look at forces that shape the desert plane', 'Destination Mars. National Geographic']"
https://www.davidrumsey.com/luna/servlet/detail/RUMSEY~8~1~292159~90064298,"['Mars revealed : a new look at forces that shape the desert plane. (on verso) Destination Mars. National Geographic. Copyright 2001 National Geographic Society, Washington, D.C. Revised 2012. 22075. Mars image created by Michael Caplinger and Michael C Malin. (inset views) North pole. (with) South pole', 'Destination Mars. National Geographic. Copyright 2001 National Geographic Society, Washington, D.C. Revised 2012. 22075. Mars image created by Michael Caplinger and Michael C Malin. (inset views) North pole. (with) South pole. (on verso) Verso: Mars revealed : a new look at forces that shape the desert plane', 'Destination Mars. National Geographic']"
http://collections.si.edu/search/results.htm?q=record_ID%3Anasm_A19990073001&repo=DPLA,"Airbags, Lander, Mars, Pathfinder"
http://collections.si.edu/search/results.htm?q=record_ID%3Anasm_A19960003000&repo=DPLA,"Rocket Engine, Liquid Fuel, Propulsion System, Viking Orbiter"
https://www.youtube.com/watch?v=wvkW7NYk6kE,['Mission to Mars']
http://collections.si.edu/search/results.htm?q=record_ID%3Anasm_A19761261000&repo=DPLA,"Camera,Television, Mariner 6/7"
http://collections.si.edu/search/results.htm?q=record_ID%3ASILSRO_109453&repo=DPLA,Planet-wide Sand Motion on Mars
http://collections.si.edu/search/results.htm?q=record_ID%3Anasm_A19790215002&repo=DPLA,"Stand, Viking Mars Lander"
http://collections.si.edu/search/results.htm?q=record_ID%3Anasm_A19790215003&repo=DPLA,"Wheels, Stand, Viking Mars Lander"
http://collections.si.edu/search/results.htm?q=record_ID%3ASILSRO_81029&repo=DPLA,Volcanism on the red planet: Mars
http://collections.si.edu/search/results.htm?q=record_ID%3Anasm_A20160080000&repo=DPLA,"Model, Mars Science Laboratory, Mars Rover Curiosity"
http://collections.si.edu/search/results.htm?q=record_ID%3Anasm_A19990073007&repo=DPLA,"Airbags, Lander, Mars, Pathfinder"
http://collections.si.edu/search/results.htm?q=record_ID%3Anasm_A19990073008&repo=DPLA,"Airbags, Lander, Mars, Pathfinder"
http://collections.si.edu/search/results.htm?q=record_ID%3Anasm_A19990073009&repo=DPLA,"Airbags, Lander, Mars, Pathfinder"
http://collections.si.edu/search/results.htm?q=record_ID%3ASILSRO_108177&repo=DPLA,Combining meteorites and missions to explore Mars
https://archive.mpr.org/stories/2002/04/11/camera-called-themis-takes-good-images-mars,Camera called THEMIS takes good images of Mars
http://collections.si.edu/search/results.htm?q=record_ID%3Anasm_A20070215000&repo=DPLA,"Model, Mars Mission Spacecraft"
http://collections.si.edu/search/results.htm?q=record_ID%3Anasm_A19790215000&repo=DPLA,"Lander, Mars, Viking, Proof Test Article"
http://collections.si.edu/search/results.htm?q=record_ID%3Anasm_A19990073005&repo=DPLA,"Parts, Lander, Mars, Pathfinder"
http://collections.si.edu/search/results.htm?q=record_ID%3Anasm_A20150317000&repo=DPLA,"Rover, Marie Curie, Mars Pathfinder, Engineering Test Vehicle"
http://collections.si.edu/search/results.htm?q=record_ID%3Anasm_A20020299000&repo=DPLA,"Model, Mars Pathfinder Lander"
http://collections.si.edu/search/results.htm?q=record_ID%3Anmah_1184265&repo=DPLA,Mars Globe
http://catalog.hathitrust.org/Record/011210902,['Psychical research and the Resurrection /']
http://catalog.hathitrust.org/Record/006233518,['Essays in astronomy']
http://catalog.hathitrust.org/Record/100132207,['Essays in astronomy']
http://ark.cdlib.org/ark:/13030/kt2n39r89s,['Chinatown-North Beach; family planning']
http://collections.si.edu/search/results.htm?q=record_ID%3ASILSRO_59895&repo=DPLA,Detection of Silica-Rich Deposits on Mars
http://collections.si.edu/search/results.htm?q=record_ID%3Anasm_A20050005000&repo=DPLA,"Camera, Backup, Viking Lander"
http://www.idaillinois.org/cdm/ref/collection/p16614coll27/id/604,"""How We Really Are"" by Marcelline Hemingway Sanford, 1915"
http://collections.si.edu/search/results.htm?q=record_ID%3Anasm_A19990073000&repo=DPLA,"Engineering Model, Lander, Mars, Pathfinder"
http://utah-primoprod.hosted.exlibrisgroup.com/primo_library/libweb/action/dlDisplay.do?vid=MWDL&afterPDS=true&docId=digcoll_byu_12CBPR/3001,Black Hole Sun[book review]
http://utah-primoprod.hosted.exlibrisgroup.com/primo_library/libweb/action/dlDisplay.do?vid=MWDL&afterPDS=true&docId=digcoll_usl_22library2_lib/81566,"Ceres : queen of the astroid belt, gateway to the outer solar system [poster]"
http://collections.si.edu/search/results.htm?q=record_ID%3Anasm_A20020299001&repo=DPLA,"Miscellaneous Parts, Model, Mars Pathfinder Lander"
http://collections.si.edu/search/results.htm?q=record_ID%3ASILSRO_71515&repo=DPLA,"Key science questions from the second conference on early Mars: geologic, hydrologic, and climatic evolution and the implications for life"
http://catalog.hathitrust.org/Record/006564688,['In starry realms']
http://catalog.hathitrust.org/Record/100351123,['In starry realms /']
http://utah-primoprod.hosted.exlibrisgroup.com/primo_library/libweb/action/dlDisplay.do?vid=MWDL&afterPDS=true&docId=digcoll_usl_22library2_lib/81570,Kepler 186-f : where the grass is always redder on the other side [poster]
http://collections.si.edu/search/results.htm?q=record_ID%3Anasm_A20130178000&repo=DPLA,Photomosaic Globe of Mars
http://utah-primoprod.hosted.exlibrisgroup.com/primo_library/libweb/action/dlDisplay.do?vid=MWDL&afterPDS=true&docId=digcoll_usl_22library2_lib/81574,Titan : ride the tides through the throat of Kraken [poster]
http://collections.si.edu/search/results.htm?q=record_ID%3Anasm_A19800074000&repo=DPLA,"Planetary Probe, Viking, Gas Chromatograph Mass Spectrometer"
http://collections.si.edu/search/results.htm?q=record_ID%3Asilgoi_110657&repo=DPLA,The Planetary System from The beauty of the heavens : a pictorial display of the astronomical phenomena of the universe
http://collections.si.edu/search/results.htm?q=record_ID%3ASILSRO_98150&repo=DPLA,Are Phobos and Deimos the Result of a Giant Impact?
http://utah-primoprod.hosted.exlibrisgroup.com/primo_library/libweb/action/dlDisplay.do?vid=MWDL&afterPDS=true&docId=digcoll_usl_22library2_lib/81568,"Relax on Kepler -16b : the land of two suns, where your shadow always has company [poster]"
http://utah-primoprod.hosted.exlibrisgroup.com/primo_library/libweb/action/dlDisplay.do?vid=MWDL&afterPDS=true&docId=digcoll_usl_22library2_lib/81562,"Earth : your oasis in space, where the air is free and breathing is easy [poster]"
http://utah-primoprod.hosted.exlibrisgroup.com/primo_library/libweb/action/dlDisplay.do?vid=MWDL&afterPDS=true&docId=digcoll_usl_22library2_lib/81567,Experience the might auroras of Jupiter [poster]
http://collections.si.edu/search/results.htm?q=record_ID%3ASILSRO_92246&repo=DPLA,"The sedimentology and dynamics of crater-affiliated wind streaks in western Arabia Terra, Mars and Patagonia, Argentina"
http://utah-primoprod.hosted.exlibrisgroup.com/primo_library/libweb/action/dlDisplay.do?vid=MWDL&afterPDS=true&docId=digcoll_usl_22library2_lib/81573,"PSO J318.5-22 : visit the planet with no star, where the nightlife never ends! [poster]"
http://utah-primoprod.hosted.exlibrisgroup.com/primo_library/libweb/action/dlDisplay.do?vid=MWDL&afterPDS=true&docId=digcoll_usl_22library2_lib/81572,51 Pegasi b : greetings from your first exoplanet [poster]
http://collections.si.edu/search/results.htm?q=record_ID%3Anasm_A20040213001&repo=DPLA,"Gain Controller, Mass Spectrometer, Gas Chromatograph, Project Viking, Prototype"
http://collections.si.edu/search/results.htm?q=record_ID%3Anasm_A20040213000&repo=DPLA,"Mass Spectrometer, Gas Chromatograph, Project Viking, Prototype"
http://utah-primoprod.hosted.exlibrisgroup.com/primo_library/libweb/action/dlDisplay.do?vid=MWDL&afterPDS=true&docId=digcoll_usl_22library2_lib/81569,Experience the gravity of HD 40307g : a super Earth [poster]
http://utah-primoprod.hosted.exlibrisgroup.com/primo_library/libweb/action/dlDisplay.do?vid=MWDL&afterPDS=true&docId=digcoll_usl_22library2_lib/81575,Venus : see at the cloud 9 observatory : voted best place in the solar system to watch the Mercury transit [poster]
http://collections.si.edu/search/results.htm?q=record_ID%3Anasm_A19760027000&repo=DPLA,"Engineering Model, Mariner 2"
http://utah-primoprod.hosted.exlibrisgroup.com/primo_library/libweb/action/dlDisplay.do?vid=MWDL&afterPDS=true&docId=digcoll_usl_22library2_lib/81563,"Visit beautiful southern Enceladus : more than 100 breaktaking geysers!, the home of ""cold faithful"", book tours now [poster]"
http://collections.si.edu/search/results.htm?q=record_ID%3Anasm_A19751493000&repo=DPLA,"Model, Planetary Probe, Mariner 2"
http://collections.si.edu/search/results.htm?q=record_ID%3ASILSRO_88081&repo=DPLA,"The evolution of a heterogeneous Martian mantle: Clues from K, P, Ti, Cr, and Ni variations in Gusev basalts and shergottite meteorites"
http://utah-primoprod.hosted.exlibrisgroup.com/primo_library/libweb/action/dlDisplay.do?vid=MWDL&afterPDS=true&docId=digcoll_usl_22library2_lib/81565,"The grand tour : a once in a life-time getaway : Jupiter, Saturn, Uranus, Neptune [poster]"
http://utah-primoprod.hosted.exlibrisgroup.com/primo_library/libweb/action/dlDisplay.do?vid=MWDL&afterPDS=true&docId=digcoll_usl_22library2_lib/81564,"Europa : discover life under the ice, all ocean views!!! [poster]"
http://collections.si.edu/search/results.htm?q=record_ID%3Anmah_1187984&repo=DPLA,Jones Orrery
http://catalog.gpo.gov/F/?func=direct&doc_number=000746347&format=999,NASA's first 50 years historical perspectives /
http://collections.si.edu/search/results.htm?q=record_ID%3ASILSRO_135092&repo=DPLA,Formation of gravel-mantled megaripples on Earth and Mars: Insights from the Argentinean Puna and wind tunnel experiments
http://collections.si.edu/search/results.htm?q=record_ID%3ASILSRO_81217&repo=DPLA,"Aeolian Bedforms, Yardangs, and Indurated Surfaces in the Tharsis Montes as Seen by the HiRISE Camera: Evidence for Dust Aggregates"
http://collections.si.edu/search/results.htm?q=record_ID%3Asilgoi_103953&repo=DPLA,Volcanoes from Thirty plates illustrative of natural phenomena
http://collections.si.edu/search/results.htm?q=record_ID%3Anasm_A19772728000&repo=DPLA,"Voyager Spacecraft Mock-up, Full Scale"
http://utah-primoprod.hosted.exlibrisgroup.com/primo_library/libweb/action/dlDisplay.do?vid=MWDL&afterPDS=true&docId=digcoll_byu_12BachOutreach/2438,Outreach no. 220
http://utah-primoprod.hosted.exlibrisgroup.com/primo_library/libweb/action/dlDisplay.do?vid=MWDL&afterPDS=true&docId=digcoll_unl_14nts/1214,"Interview with Philip Wymer Allen, August 26, 2004"
