http://catalog.archives.gov/id/6391508,['The planet Saturn and surrounding moons as seen from space']
http://catalog.hathitrust.org/Record/005936599,"['The ball and hoop, or, The wonders of the planet Saturn /']"
http://utah-primoprod.hosted.exlibrisgroup.com/primo_library/libweb/action/dlDisplay.do?vid=MWDL&afterPDS=true&docId=digcoll_usl_22library2_lib/81563,"Visit beautiful southern Enceladus : more than 100 breaktaking geysers!, the home of ""cold faithful"", book tours now [poster]"
http://catalog.hathitrust.org/Record/006200320,"[""Saturn and its system : containing discussions of the motions (real and apparent) and telescopic appearance of the planet Saturn, its satellites, and rings, the nature of the rings, the great inequality of Saturn and Jupiter, and the habitability of Saturn : to which are appended notes on Chaldæan astronomy, Laplace's nebular theory, and the habitability of the moon, a series of tables with explanatory notes, and explanations of astronomical terms /""]"
http://www.archive.org/details/saturnitssystemc00proc,"Saturn and its system: containing discussions of the motions (real and apparent) and telescopic appearance of the planet Saturn, its satellites, and rings; the nature of the rings; the great inequality of Saturn and Jupiter; and the habitability of Saturn. To which are appended notes on Chaldaean astronomy, Laplace's nebular theory, and the habitability of the moon; a series of tables with explanatory notes; and explanations of astronomical terms"
http://utah-primoprod.hosted.exlibrisgroup.com/primo_library/libweb/action/dlDisplay.do?vid=MWDL&afterPDS=true&docId=digcoll_usl_22library2_lib/81574,Titan : ride the tides through the throat of Kraken [poster]
http://utah-primoprod.hosted.exlibrisgroup.com/primo_library/libweb/action/dlDisplay.do?vid=MWDL&afterPDS=true&docId=digcoll_usl_22library2_lib/81565,"The grand tour : a once in a life-time getaway : Jupiter, Saturn, Uranus, Neptune [poster]"
http://catalog.gpo.gov/F/?func=direct&doc_number=000906554&format=999,"The views from Saturn : hearing before the Subcommittee on Science, Technology, and Space of the Committee on Commerce, Science, and Transportation, United States Senate, One Hundred Eighth Congress, second session, July 22, 2004"
http://utah-primoprod.hosted.exlibrisgroup.com/primo_library/libweb/action/dlDisplay.do?vid=MWDL&afterPDS=true&docId=digcoll_usl_22library2_lib/81568,"Relax on Kepler -16b : the land of two suns, where your shadow always has company [poster]"
http://catalog.hathitrust.org/Record/100721886,"['The views from Saturn : hearing before the Subcommittee on Science, Technology, and Space of the Committee on Commerce, Science, and Transportation, United States Senate, One Hundred Eighth Congress, second session, July 22, 2004']"
https://industrydocuments.library.ucsf.edu/tobacco/docs/#id=gsxc0050,['SMOOTHNESS IN A NEW LIGHT']
http://dla.library.upenn.edu/dla/medren/pageturn.html?id=MEDREN_6995471,['Śivarahasya']
http://catalog.hathitrust.org/Record/001476735,"['The sun: its planets and their satellites. A course of lectures upon the solar system. Read in Gresham college, London, in years 1881 and 1882, pursuant to the will of Sir Thomas Gresham']"
https://www.davidrumsey.com/luna/servlet/detail/RUMSEY~8~1~28299~1120315,"['Saturn. (By Asa Smith. New York: Cady & Burgess, 60 John Street. 1850)', ""Smith's illustrated astronomy, designed for the use of the public or common schools in the United States. Illustrated with numerous original diagrams. By Asa Smith, Principal of Public School No. 12, City of New York. Fifth edition. New York: Cady & Burgess, 60 John Street. 1850"", 'Saturn']"
http://collections.si.edu/search/results.htm?q=record_ID%3Asilgoi_68481&repo=DPLA,"Schematic of Saturn's rings from Cristiani Hugenii Zulichemii, Const. f. Systema Saturnium"
http://utah-primoprod.hosted.exlibrisgroup.com/primo_library/libweb/action/dlDisplay.do?vid=MWDL&afterPDS=true&docId=digcoll_ore_47percent-for-art/df67z730w,Untitled (Rose)
http://digital.library.illinoisstate.edu/cdm/ref/collection/icca/id/357,Untitled
http://collections.si.edu/search/results.htm?q=record_ID%3Achndm_2015-5-9-a_d&repo=DPLA,Skyway
https://dl.library.ucla.edu/islandora/object/edu.ucla.library.specialCollections.latimes:6603,"['Sculptor Roger Burnham Noble and another man holding a relief panel, circa 1935-1939']"
http://catalog.archives.gov/id/16713952,['AS16-118-18881 - Apollo 16 - Apollo 16 Mission image - The SIVB (Third stage [IVB] of Saturn Launch vehicle) stage after Lunar Module (LM) ejection']
http://collections.countway.harvard.edu/onview/items/show/12583,Ein hubscher Tractat von dem Ursprung des Bösen Franzos
http://collections.si.edu/search/results.htm?q=record_ID%3Asilgoi_110657&repo=DPLA,The Planetary System from The beauty of the heavens : a pictorial display of the astronomical phenomena of the universe
http://collections.si.edu/search/results.htm?q=record_ID%3Anasm_A20070084001&repo=DPLA,"Box, X - 70 Robot Toy"
http://collections.si.edu/search/results.htm?q=record_ID%3Anmah_1187984&repo=DPLA,Jones Orrery
http://collections.si.edu/search/results.htm?q=record_ID%3Anasm_A19772728000&repo=DPLA,"Voyager Spacecraft Mock-up, Full Scale"
http://elonuniversity.contentdm.oclc.org/cdm/ref/collection/p16128coll4/id/656,['Dr. Tony Crider Talk on Galileo: 2010']
http://collections.si.edu/search/results.htm?q=record_ID%3Anasm_A19770451000&repo=DPLA,"Pioneer 10 / 11, reconstructed full-scale mock-up"
http://ark.cdlib.org/ark:/13030/hb058005dd,"['Momentos Májicos [sic], Announcement Poster for']"
http://collections.si.edu/search/results.htm?q=record_ID%3Achndm_1981-29-86&repo=DPLA,Understanding Taxes ' 79
http://explore.digitalsd.org/cdm/ref/collection/exhibitions/id/95,Small things
