https://ark.digitalcommonwealth.org/ark:/50959/v405tc02s,Planet Uranus and its two moons
http://lcdl.library.cofc.edu/lcdl/catalog/lcdl:1391,"Planet Uranus and Two of Its Moons, Copyright Yerkes Observ"
http://archives-dc.library.caltech.edu/islandora/object/ct1%3A9805,['This view of Uranus was recorded by Voyager 2 as the spacecraft left the planet behind and set forth on its cruise to Neptune']
http://utah-primoprod.hosted.exlibrisgroup.com/primo_library/libweb/action/dlDisplay.do?vid=MWDL&afterPDS=true&docId=digcoll_usl_22library2_lib/81565,"The grand tour : a once in a life-time getaway : Jupiter, Saturn, Uranus, Neptune [poster]"
http://collections.si.edu/search/results.htm?q=record_ID%3Asiris_sil_163941&repo=DPLA,"An explanation of the observed irregularities in the motion of Uranus : on the hypothesis of disturbances caused by a more distant planet : with a determination of the mass, orbit, and position of the disturbing body / by J.C. Adams"
http://catalog.hathitrust.org/Record/001476735,"['The sun: its planets and their satellites. A course of lectures upon the solar system. Read in Gresham college, London, in years 1881 and 1882, pursuant to the will of Sir Thomas Gresham']"
http://www.idaillinois.org/cdm/ref/collection/ism/id/1387,"The Living Museum vol. 50, no. 01, 1988"
http://collections.si.edu/search/results.htm?q=record_ID%3Anasm_A19990062001&repo=DPLA,"Scan Actuator Motor, Voyager Spacecraft"
http://collections.si.edu/search/results.htm?q=record_ID%3Anasm_A19990065004&repo=DPLA,"Memory Subassembly Board, Voyager"
http://lhldigital.lindahall.org/cdm/ref/collection/astro_early/id/402,"['Commonplace book on Astronomy', 'Commonplace book on astronomy, autograph manuscript, 1759.;No. 1. Memorandum']"
http://collections.si.edu/search/results.htm?q=record_ID%3Anasm_A19990064001&repo=DPLA,"Subchassis Assembly, DAS, Voyager Spacecraft"
http://collections.si.edu/search/results.htm?q=record_ID%3Anasm_A19990060000&repo=DPLA,"Processor Subassembly, Command and Control Subsystem/Attitude and Articulation"
http://collections.si.edu/search/results.htm?q=record_ID%3Anasm_A19990065002&repo=DPLA,"Sun Sensor and Hood Assembly Support Equipment, Voyager Spacecraft"
http://collections.si.edu/search/results.htm?q=record_ID%3Anasm_A19990064000&repo=DPLA,"Subassembly Board, DAS Logic, Voyager Spacecraft"
http://collections.si.edu/search/results.htm?q=record_ID%3Anasm_A19990065003&repo=DPLA,"Star Tracker and Hood Assembly Support Equipment, Voyager Spacecraft"
http://collections.si.edu/search/results.htm?q=record_ID%3Anasm_A19990065001&repo=DPLA,"Flight Data Subassembly Bay, Voyager Spacecraft"
http://collections.si.edu/search/results.htm?q=record_ID%3Asilgoi_103948&repo=DPLA,Introduction to Astronomy from Smith's illustrated astronomy : designed for the use of the public or common schools in the United States
http://collections.si.edu/search/results.htm?q=record_ID%3Asilgoi_110657&repo=DPLA,The Planetary System from The beauty of the heavens : a pictorial display of the astronomical phenomena of the universe
http://collections.si.edu/search/results.htm?q=record_ID%3Anmah_1187984&repo=DPLA,Jones Orrery
http://collections.si.edu/search/results.htm?q=record_ID%3Anasm_A19772728000&repo=DPLA,"Voyager Spacecraft Mock-up, Full Scale"
http://collections.si.edu/search/results.htm?q=record_ID%3Anmah_1451733&repo=DPLA,William Herschel
