http://catalog.archives.gov/id/22920007,['STS070-391-016 - STS-070 - Views of earth limb horizon during sunrise with Mars and Venus rising'],2844ce9fee6360a2bcf0f549e95be202
http://catalog.archives.gov/id/22920013,['STS070-391-019 - STS-070 - Views of earth limb horizon during sunrise with Mars and Venus rising'],78db52176037746a49273ed7c51c31d0
http://catalog.archives.gov/id/22920021,['STS070-391-023 - STS-070 - Views of earth limb horizon during sunrise with Mars and Venus rising'],8a0e53acad701d275343a97f0424dd4f
http://catalog.archives.gov/id/22920025,['STS070-391-025 - STS-070 - Views of earth limb horizon during sunrise with Mars and Venus rising'],c6b35cd3d6649e104e6ef7ca2b77866c
http://catalog.archives.gov/id/22920017,['STS070-391-021 - STS-070 - Views of earth limb horizon during sunrise with Mars and Venus rising'],c6d0da0da1e24f7d37befd3c06d5af37
http://catalog.archives.gov/id/22920031,['STS070-391-028 - STS-070 - Views of earth limb horizon during sunrise with Mars and Venus rising'],255793df8bd98898ebd5adbb3c249210
http://catalog.archives.gov/id/22920005,['STS070-391-015 - STS-070 - Views of earth limb horizon during sunrise with Mars and Venus rising'],6de7c6b5193199230a188eb1ea5aba3f
http://catalog.archives.gov/id/22920015,['STS070-391-020 - STS-070 - Views of earth limb horizon during sunrise with Mars and Venus rising'],714feb9133a00adeb6ef17185f561fb2
http://catalog.archives.gov/id/22920027,['STS070-391-026 - STS-070 - Views of earth limb horizon during sunrise with Mars and Venus rising'],aba024c46ca7a835b516b9b59fc3d5d4
http://catalog.archives.gov/id/22920023,['STS070-391-024 - STS-070 - Views of earth limb horizon during sunrise with Mars and Venus rising'],becc4ca1bbfc617dfb249ad94279219a
http://catalog.archives.gov/id/22920009,['STS070-391-017 - STS-070 - Views of earth limb horizon during sunrise with Mars and Venus rising'],3e052ceca74bffd7251e81daba03b016
http://catalog.archives.gov/id/22920019,['STS070-391-022 - STS-070 - Views of earth limb horizon during sunrise with Mars and Venus rising'],6c3cc69fcfa023abc4622c4723e0f3bb
http://catalog.archives.gov/id/22920029,['STS070-391-027 - STS-070 - Views of earth limb horizon during sunrise with Mars and Venus rising'],d58e643079832ad6a5e2abe1b718dfdc
http://catalog.archives.gov/id/22920011,['STS070-391-018 - STS-070 - Views of earth limb horizon during sunrise with Mars and Venus rising'],f50123e9fd4a21c9d9cfd43b92069098
http://catalog.archives.gov/id/22919985,['STS070-391-005 - STS-070 - Views of earth limb horizon during sunrise with Mars and Venus rising'],06898320a0ca52f61c60054c749c0839
http://catalog.archives.gov/id/22919997,['STS070-391-011 - STS-070 - Views of earth limb horizon during sunrise with Mars and Venus rising'],1af98cc76c2cb5a9cf7a3fe6478405b8
http://catalog.archives.gov/id/22919987,['STS070-391-006 - STS-070 - Views of earth limb horizon during sunrise with Mars and Venus rising'],2a07078bf18c043140950b25e05f26a8
http://catalog.archives.gov/id/22920003,['STS070-391-014 - STS-070 - Views of earth limb horizon during sunrise with Mars and Venus rising'],3104e811b8fa5a1dbf984f17c47f214b
http://catalog.archives.gov/id/22920041,['STS070-391-033 - STS-070 - Views of earth limb horizon during sunrise with Mars and Venus rising'],5c76fc1479849ba46015378b144f54a7
http://catalog.archives.gov/id/22920043,['STS070-391-034 - STS-070 - Views of earth limb horizon during sunrise with Mars and Venus rising'],68814a2dd3639451c1a71c2dc4f61942
http://catalog.archives.gov/id/22919983,['STS070-391-004 - STS-070 - Views of earth limb horizon during sunrise with Mars and Venus rising'],7f1eb4666a039f4a018fb52ef13ae104
http://catalog.archives.gov/id/22919981,['STS070-391-003 - STS-070 - Views of earth limb horizon during sunrise with Mars and Venus rising'],ec42c68661944187464120970f2da14c
http://catalog.archives.gov/id/22919993,['STS070-391-009 - STS-070 - Views of earth limb horizon during sunrise with Mars and Venus rising'],f886e35572885d01d030550996769e3e
http://catalog.archives.gov/id/22919989,['STS070-391-007 - STS-070 - Views of earth limb horizon during sunrise with Mars and Venus rising'],0b82bb4d76d23591121d6a20428e6a11
http://catalog.archives.gov/id/22919977,['STS070-391-001 - STS-070 - Views of earth limb horizon during sunrise with Mars and Venus rising'],5516efa05d098d3eb5292fcdad3056d1
http://catalog.archives.gov/id/22919991,['STS070-391-008 - STS-070 - Views of earth limb horizon during sunrise with Mars and Venus rising'],7edcee605e943b8b30c22f3020deb4c1
http://catalog.archives.gov/id/22920001,['STS070-391-013 - STS-070 - Views of earth limb horizon during sunrise with Mars and Venus rising'],c8f9da57659a647dcf107a9b5dd66c32
http://catalog.archives.gov/id/22920035,['STS070-391-030 - STS-070 - Views of earth limb horizon during sunrise with Mars and Venus rising'],cfdf8f70407e741463e99376ec6d1e20
http://catalog.archives.gov/id/22919995,['STS070-391-010 - STS-070 - Views of earth limb horizon during sunrise with Mars and Venus rising'],898e8cf5e4b6a1a28c89835b90ae4c12
http://catalog.archives.gov/id/22920037,['STS070-391-031 - STS-070 - Views of earth limb horizon during sunrise with Mars and Venus rising'],a247b2294717d2dea00909db78cc6ac5
http://catalog.archives.gov/id/22920033,['STS070-391-029 - STS-070 - Views of earth limb horizon during sunrise with Mars and Venus rising'],affdde3beba917ea3413c3f83193d573
http://catalog.archives.gov/id/22919979,['STS070-391-002 - STS-070 - Views of earth limb horizon during sunrise with Mars and Venus rising'],d7f8fe6b1fd1e3e0b7627bfddfa960eb
http://catalog.archives.gov/id/22919999,['STS070-391-012 - STS-070 - Views of earth limb horizon during sunrise with Mars and Venus rising'],d8c2079f5ac975bc0daa71493a2328c6
http://catalog.archives.gov/id/22920039,['STS070-391-032 - STS-070 - Views of earth limb horizon during sunrise with Mars and Venus rising'],f116dd8497f22fc7339a175c7757f0ac
http://collections.si.edu/search/results.htm?q=record_ID%3Anasm_A19840658000&repo=DPLA,"Klystron Tube, 100KW",aa1fcce05dfc22398890e8ca24a65292
http://collections.si.edu/search/results.htm?q=record_ID%3Anasm_A19750779000&repo=DPLA,"Model, Pioneer Venus Orbiter, 1:24 Scale",bf723f67755800eee2ad9ad91df567ce
http://catalog.archives.gov/id/22920045,['STS070-391-035 - STS-070 - Views of earth limb horizon during sunrise with Mars and Venus rising'],c05389f37dca7a86dfb2a672c51bb991
http://collections.si.edu/search/results.htm?q=record_ID%3Anasm_A19840173000&repo=DPLA,"Planetary Probe, Pioneer Venus, Deceleration Probe, Structural Test Model",1482786247d1832c5f3cbcca64737abc
http://collections.si.edu/search/results.htm?q=record_ID%3Anasm_A19820208000&repo=DPLA,"Model, Planetary Probe, Pioneer Venus Orbiter",5b9fb77f1c4fb7e1e8bae81e6d703b89
http://collections.si.edu/search/results.htm?q=record_ID%3Anasm_A19880569000&repo=DPLA,"Model, Planetary Probe, Mariner 2",c66dba56c35b5de9f625e140221a80eb
http://collections.si.edu/search/results.htm?q=record_ID%3Anasm_A19900259000&repo=DPLA,"Model, Planetary Probe, Magellan Spacecraft, 1:25 scale",5c71c8962b2c13f69c2ce1abcd66af66
http://collections.si.edu/search/results.htm?q=record_ID%3Anasm_A19830006010&repo=DPLA,"Sun Shade Deployment Attachment Fitting, Mariner 10",f01366d2f1c639587a6475d70af08616
http://collections.si.edu/search/results.htm?q=record_ID%3Anasm_A19900259001&repo=DPLA,"Stand, Model, Planetary Probe, Magellan Spacecraft, 1:25 scale",cafaf17d3484872a66d17c8641216bae
http://collections.si.edu/search/results.htm?q=record_ID%3Anasm_A19830006009&repo=DPLA,"Deployment Actuator, High Gain Antenna, Mariner 10",270ffec1f7edb4eea24cbcc48fde4e21
http://collections.si.edu/search/results.htm?q=record_ID%3Anasm_A19751493000&repo=DPLA,"Model, Planetary Probe, Mariner 2",cbb4868a32dd4bed7b3bf5f4f3eb5f85
https://tessa.lapl.org/cdm/ref/collection/photos/id/55735,"[""Fix' on planet""]",c4af9163c4d9dcd23c9ac9250b3458dd
http://collections.si.edu/search/results.htm?q=record_ID%3Anasm_A19760027000&repo=DPLA,"Engineering Model, Mariner 2",2d17cd862fc5f4ba1ae6a9b331fe5868
http://catalog.archives.gov/id/5805020,['Gemini IV Mission Image - Earth limb'],5efe51cccd4908dd014a156339f465d8
http://ark.cdlib.org/ark:/13030/kt2n39r89s,['Chinatown-North Beach; family planning'],240d826d804f8e8f10faf10f1e358e59
https://www.davidrumsey.com/luna/servlet/detail/RUMSEY~8~1~248841~5516193,"[""3. Der Mond ... Entworfen von Tr. Bromme. Ausgefuhrt v. E. Winckelmann. Stuttgart. Verlag von Krais & Hoffman. (to accompany) Atlas zur Physik der Welt. (with second title page) Atlas zu Alex. v. Humboldt's Kosmos ... Bromme"", ""Atlas zu Alex. V. Humboldt's Kosmos in zweiundvierzig Tafeln mit erlauterndem Texte. Herausgegeben von Traugott Bromme. Stuttgart. Verlag von Krais & Hoffman. (with second title page) Atlas zur Physik der Welt in ... Bromme"", '3. Der Mond']",8f012dfe70d5a4aacb46b2c121084349
http://catalog.archives.gov/id/7580928,['Computer-Generated Photograph of the Volcano Sif Mons on Venus'],63bfc4da2e0938efc4a89d9d7fcc7b74
http://collections.si.edu/search/results.htm?q=record_ID%3Anasm_A19761256000&repo=DPLA,"Louvers, Temperature Control System, Mariner 2",c98d0f4a91c31544d3ebf7f6d8c16e5d
http://collections.si.edu/search/results.htm?q=record_ID%3Anasm_A19840657000&repo=DPLA,"Klystron Tube, 10KW",24a6dc6a8163987d0688b08e3a6406d8
http://collections.si.edu/search/results.htm?q=record_ID%3Asilgoi_110657&repo=DPLA,The Planetary System from The beauty of the heavens : a pictorial display of the astronomical phenomena of the universe,b01c606d5b29e363b1f80ccce5c7dbdb
http://collections.si.edu/search/results.htm?q=record_ID%3Anasm_A19940075000&repo=DPLA,"Satellite, Astrophysics, Granat, Commemorative",29738f350125cb20253dc1f0671d9298
http://collections.si.edu/search/results.htm?q=record_ID%3Anmah_1167717&repo=DPLA,Shirburn Castle Observatory,d3d0e3ccd3a393b78cc64925e6e55c9a
