"Planet Uranus and Two of Its Moons, Copyright Yerkes Observ",http://lcdl.library.cofc.edu/lcdl/catalog/lcdl:1391,6351e068e0757c492050d784e19eecee,http://fedora.library.cofc.edu:8080/fedora/objects/lcdl:1391/datastreams/THUMB1/content
['This view of Uranus was recorded by Voyager 2 as the spacecraft left the planet behind and set forth on its cruise to Neptune'],http://archives-dc.library.caltech.edu/islandora/object/ct1%3A9805,21b52e360a08cc8d36b735eb6a20e1f9,https://thumbnails.calisphere.org/clip/150x150/feac29352958a414cb22c38d8b25072e
"['The grand tour : a once in a life-time getaway : Jupiter, Saturn, Uranus, Neptune [poster]']",http://utah-primoprod.hosted.exlibrisgroup.com/primo_library/libweb/action/dlDisplay.do?vid=MWDL&afterPDS=true&docId=digcoll_usl_22library2_lib/81565,964d38afaa2765c9ba8da7553000102b,http://digitallibrary.utah.gov/awweb/pdfopener?did=81565&fp=auto
"The Living Museum vol. 50, no. 01, 1988",http://www.idaillinois.org/cdm/ref/collection/ism/id/1387,0352163f993105fa0dc38a5e9b0c2627,http://www.idaillinois.org/utils/getthumbnail/collection/ism/id/1387
"Scan Actuator Motor, Voyager Spacecraft",http://collections.si.edu/search/results.htm?q=record_ID%3Anasm_A19990062001&repo=DPLA,bbe2e8e59e465328223631c48929746f,https://airandspace.si.edu/webimages/collections/thumbnails/A19990062001CU01.jpg
"Memory Subassembly Board, Voyager",http://collections.si.edu/search/results.htm?q=record_ID%3Anasm_A19990065004&repo=DPLA,5b79abf2ef9e5915e2c9f6f032f1e4d1,https://airandspace.si.edu/webimages/collections/thumbnails/A19990065004cp01.jpg
"Subchassis Assembly, DAS, Voyager Spacecraft",http://collections.si.edu/search/results.htm?q=record_ID%3Anasm_A19990064001&repo=DPLA,75de7c7f703bc619240103c80cdabce4,https://airandspace.si.edu/webimages/collections/thumbnails/A19990064001cp01.jpg
"Sun Sensor and Hood Assembly Support Equipment, Voyager Spacecraft",http://collections.si.edu/search/results.htm?q=record_ID%3Anasm_A19990065002&repo=DPLA,bc3cc814beb6e552303519eead0be6f6,https://airandspace.si.edu/webimages/collections/thumbnails/A19990065002cp02.jpg
"Subassembly Board, DAS Logic, Voyager Spacecraft",http://collections.si.edu/search/results.htm?q=record_ID%3Anasm_A19990064000&repo=DPLA,76c7981ae93627fa4afe0df9edcbcb41,https://airandspace.si.edu/webimages/collections/thumbnails/A19990064000a.JPG
"Star Tracker and Hood Assembly Support Equipment, Voyager Spacecraft",http://collections.si.edu/search/results.htm?q=record_ID%3Anasm_A19990065003&repo=DPLA,f91d94b76b2e16720238b06db7600cd5,https://airandspace.si.edu/webimages/collections/thumbnails/A19990065003CU01.jpg
"Flight Data Subassembly Bay, Voyager Spacecraft",http://collections.si.edu/search/results.htm?q=record_ID%3Anasm_A19990065001&repo=DPLA,4f26e70d562f61c4c9c7eeec23d2209a,https://airandspace.si.edu/webimages/collections/thumbnails/A19990065001cp01.jpg
Introduction to Astronomy from Smith's illustrated astronomy : designed for the use of the public or common schools in the United States,http://collections.si.edu/search/results.htm?q=record_ID%3Asilgoi_103948&repo=DPLA,ff0f330ee881abbe2a38f5c4bf4058df,http://ids.si.edu/ids/deliveryService?id=SIL-39088006065619_0008
The Planetary System from The beauty of the heavens : a pictorial display of the astronomical phenomena of the universe,http://collections.si.edu/search/results.htm?q=record_ID%3Asilgoi_110657&repo=DPLA,b01c606d5b29e363b1f80ccce5c7dbdb,http://ids.si.edu/ids/deliveryService?id=SIL-beautyofheavensp00blun_0015
William Herschel,http://collections.si.edu/search/results.htm?q=record_ID%3Anmah_1451733&repo=DPLA,3fe065d8d0f6637b38b8eaf239c42ca9,http://ids.si.edu/ids/deliveryService?id=SIA-MAH-66020&max=150
Uranus,http://images.nasa.gov/details-PIA01391.html,PIA01391,https://images-assets.nasa.gov/image/PIA01391/PIA01391~thumb.jpg
Uranus Atmosphere,http://images.nasa.gov/details-PIA01535.html,PIA01535,https://images-assets.nasa.gov/image/PIA01535/PIA01535~thumb.jpg
Uranus - Final Image,http://images.nasa.gov/details-PIA00143.html,PIA00143,https://images-assets.nasa.gov/image/PIA00143/PIA00143~thumb.jpg
Uranus as seen by NASA Voyager 2,http://images.nasa.gov/details-PIA18182.html,PIA18182,https://images-assets.nasa.gov/image/PIA18182/PIA18182~thumb.jpg
Uranus Atmosphere,http://images.nasa.gov/details-PIA01489.html,PIA01489,https://images-assets.nasa.gov/image/PIA01489/PIA01489~thumb.jpg
Color Voyager 2 Image Showing Crescent Uranus,http://images.nasa.gov/details-PIA00346.html,PIA00346,https://images-assets.nasa.gov/image/PIA00346/PIA00346~thumb.jpg
Uranus Upper Atmosphere,http://images.nasa.gov/details-PIA01488.html,PIA01488,https://images-assets.nasa.gov/image/PIA01488/PIA01488~thumb.jpg
Uranus - Discrete Cloud,http://images.nasa.gov/details-PIA00370.html,PIA00370,https://images-assets.nasa.gov/image/PIA00370/PIA00370~thumb.jpg
Uranus in True and False Color,http://images.nasa.gov/details-PIA00032.html,PIA00032,https://images-assets.nasa.gov/image/PIA00032/PIA00032~thumb.jpg
Hubble Captures Detailed Image of Uranus Atmosphere,http://images.nasa.gov/details-PIA01280.html,PIA01280,https://images-assets.nasa.gov/image/PIA01280/PIA01280~thumb.jpg
Uranus Cloud Movement,http://images.nasa.gov/details-PIA00369.html,PIA00369,https://images-assets.nasa.gov/image/PIA00369/PIA00369~thumb.jpg
Hubble Observes the Planet Uranus,http://images.nasa.gov/details-PIA01282.html,PIA01282,https://images-assets.nasa.gov/image/PIA01282/PIA01282~thumb.jpg
Hubble Observes the Moons and Rings of Uranus,http://images.nasa.gov/details-PIA01281.html,PIA01281,https://images-assets.nasa.gov/image/PIA01281/PIA01281~thumb.jpg
Hubble Tracks Clouds on Uranus,http://images.nasa.gov/details-PIA01278.html,PIA01278,https://images-assets.nasa.gov/image/PIA01278/PIA01278~thumb.jpg
Hubble the Rotation of Uranus,http://images.nasa.gov/details-PIA01283.html,PIA01283,https://images-assets.nasa.gov/image/PIA01283/PIA01283~thumb.jpg
Hubble Spots Northern Hemispheric Clouds on Uranus,http://images.nasa.gov/details-PIA01279.html,PIA01279,https://images-assets.nasa.gov/image/PIA01279/PIA01279~thumb.jpg
"Uranus, Toward the Planet Pole of Rotation",http://images.nasa.gov/details-PIA01360.html,PIA01360,https://images-assets.nasa.gov/image/PIA01360/PIA01360~thumb.jpg
Hubble Finds Many Bright Clouds on Uranus,http://images.nasa.gov/details-PIA02963.html,PIA02963,https://images-assets.nasa.gov/image/PIA02963/PIA02963~thumb.jpg
Alien aurorae spotted on Uranus by Hubble,http://images.nasa.gov/details-GSFC_20171208_Archive_e000100.html,GSFC_20171208_Archive_e000100,https://images-assets.nasa.gov/image/GSFC_20171208_Archive_e000100/GSFC_20171208_Archive_e000100~thumb.jpg
Uranus Moon - 1985U1,http://images.nasa.gov/details-PIA01357.html,PIA01357,https://images-assets.nasa.gov/image/PIA01357/PIA01357~thumb.jpg
ARC-1996-A86-7016,http://images.nasa.gov/details-ARC-1996-A86-7016.html,ARC-1996-A86-7016,https://images-assets.nasa.gov/image/ARC-1996-A86-7016/ARC-1996-A86-7016~thumb.jpg
Uranus - Montage of Uranus Five Largest Satellites,http://images.nasa.gov/details-PIA01361.html,PIA01361,https://images-assets.nasa.gov/image/PIA01361/PIA01361~thumb.jpg
Uranus Satellites,http://images.nasa.gov/details-PIA00368.html,PIA00368,https://images-assets.nasa.gov/image/PIA00368/PIA00368~thumb.jpg
Uranus Rings,http://images.nasa.gov/details-PIA01984.html,PIA01984,https://images-assets.nasa.gov/image/PIA01984/PIA01984~thumb.jpg
Rings of Uranus,http://images.nasa.gov/details-PIA01985.html,PIA01985,https://images-assets.nasa.gov/image/PIA01985/PIA01985~thumb.jpg
Uranus Far-flung Rings,http://images.nasa.gov/details-PIA01487.html,PIA01487,https://images-assets.nasa.gov/image/PIA01487/PIA01487~thumb.jpg
Keck Telescope views of Uranus,http://images.nasa.gov/details-PIA17306.html,PIA17306,https://images-assets.nasa.gov/image/PIA17306/PIA17306~thumb.jpg
Blue Orb on the Horizon,http://images.nasa.gov/details-PIA17178.html,PIA17178,https://images-assets.nasa.gov/image/PIA17178/PIA17178~thumb.jpg
Uranus Rings,http://images.nasa.gov/details-PIA01977.html,PIA01977,https://images-assets.nasa.gov/image/PIA01977/PIA01977~thumb.jpg
ARC-1986-A86-7023,http://images.nasa.gov/details-ARC-1986-A86-7023.html,ARC-1986-A86-7023,https://images-assets.nasa.gov/image/ARC-1986-A86-7023/ARC-1986-A86-7023~thumb.jpg
ARC-1986-AC86-7017,http://images.nasa.gov/details-ARC-1986-AC86-7017.html,ARC-1986-AC86-7017,https://images-assets.nasa.gov/image/ARC-1986-AC86-7017/ARC-1986-AC86-7017~thumb.jpg
Uranus Moon - Titania,http://images.nasa.gov/details-PIA01978.html,PIA01978,https://images-assets.nasa.gov/image/PIA01978/PIA01978~thumb.jpg
Uranus Innermost Satellite Miranda,http://images.nasa.gov/details-PIA01354.html,PIA01354,https://images-assets.nasa.gov/image/PIA01354/PIA01354~thumb.jpg
ARC-1995-A86-7033,http://images.nasa.gov/details-ARC-1995-A86-7033.html,ARC-1995-A86-7033,https://images-assets.nasa.gov/image/ARC-1995-A86-7033/ARC-1995-A86-7033~thumb.jpg
Epsilon Ring of Uranus,http://images.nasa.gov/details-PIA01983.html,PIA01983,https://images-assets.nasa.gov/image/PIA01983/PIA01983~thumb.jpg
Rings of Uranus at 1.44 kilometers,http://images.nasa.gov/details-PIA01350.html,PIA01350,https://images-assets.nasa.gov/image/PIA01350/PIA01350~thumb.jpg
Uranus - Family Portrait,http://images.nasa.gov/details-PIA01975.html,PIA01975,https://images-assets.nasa.gov/image/PIA01975/PIA01975~thumb.jpg
Uranus Rings and Two Moons,http://images.nasa.gov/details-PIA01976.html,PIA01976,https://images-assets.nasa.gov/image/PIA01976/PIA01976~thumb.jpg
Uranus Satellite - Miranda,http://images.nasa.gov/details-PIA01980.html,PIA01980,https://images-assets.nasa.gov/image/PIA01980/PIA01980~thumb.jpg
Uranus Tenth Ring,http://images.nasa.gov/details-PIA00035.html,PIA00035,https://images-assets.nasa.gov/image/PIA00035/PIA00035~thumb.jpg
Uranus Rings in False Color,http://images.nasa.gov/details-PIA00033.html,PIA00033,https://images-assets.nasa.gov/image/PIA00033/PIA00033~thumb.jpg
Uranus Ring System,http://images.nasa.gov/details-PIA00142.html,PIA00142,https://images-assets.nasa.gov/image/PIA00142/PIA00142~thumb.jpg
ARC-1986-AC86-7013,http://images.nasa.gov/details-ARC-1986-AC86-7013.html,ARC-1986-AC86-7013,https://images-assets.nasa.gov/image/ARC-1986-AC86-7013/ARC-1986-AC86-7013~thumb.jpg
Miranda Icy Face,http://images.nasa.gov/details-PIA18185.html,PIA18185,https://images-assets.nasa.gov/image/PIA18185/PIA18185~thumb.jpg
Ariel Transecting Valleys,http://images.nasa.gov/details-PIA01356.html,PIA01356,https://images-assets.nasa.gov/image/PIA01356/PIA01356~thumb.jpg
ARC-1986-A86-7019,http://images.nasa.gov/details-ARC-1986-A86-7019.html,ARC-1986-A86-7019,https://images-assets.nasa.gov/image/ARC-1986-A86-7019/ARC-1986-A86-7019~thumb.jpg
ARC-1986-A86-7021,http://images.nasa.gov/details-ARC-1986-A86-7021.html,ARC-1986-A86-7021,https://images-assets.nasa.gov/image/ARC-1986-A86-7021/ARC-1986-A86-7021~thumb.jpg
Miranda - Highest Resolution Color Picture,http://images.nasa.gov/details-PIA00042.html,PIA00042,https://images-assets.nasa.gov/image/PIA00042/PIA00042~thumb.jpg
Solar System Montage,http://images.nasa.gov/details-PIA00545.html,PIA00545,https://images-assets.nasa.gov/image/PIA00545/PIA00545~thumb.jpg
Solar System Montage Updated,http://images.nasa.gov/details-PIA01341.html,PIA01341,https://images-assets.nasa.gov/image/PIA01341/PIA01341~thumb.jpg
South Polar View of Miranda,http://images.nasa.gov/details-PIA01490.html,PIA01490,https://images-assets.nasa.gov/image/PIA01490/PIA01490~thumb.jpg
Gas Planet Orbits,http://images.nasa.gov/details-PIA17304.html,PIA17304,https://images-assets.nasa.gov/image/PIA17304/PIA17304~thumb.jpg
Oberon at Voyager Closest Approach,http://images.nasa.gov/details-PIA00034.html,PIA00034,https://images-assets.nasa.gov/image/PIA00034/PIA00034~thumb.jpg
Ariel at Voyager Closest Approach,http://images.nasa.gov/details-PIA00037.html,PIA00037,https://images-assets.nasa.gov/image/PIA00037/PIA00037~thumb.jpg
Umbriel at Closest Approach,http://images.nasa.gov/details-PIA00040.html,PIA00040,https://images-assets.nasa.gov/image/PIA00040/PIA00040~thumb.jpg
Bright Patches on Ariel,http://images.nasa.gov/details-PIA01351.html,PIA01351,https://images-assets.nasa.gov/image/PIA01351/PIA01351~thumb.jpg
Solar System Montage - High Resolution 2001 Version,http://images.nasa.gov/details-PIA03153.html,PIA03153,https://images-assets.nasa.gov/image/PIA03153/PIA03153~thumb.jpg
ARC-1986-AC86-7042,http://images.nasa.gov/details-ARC-1986-AC86-7042.html,ARC-1986-AC86-7042,https://images-assets.nasa.gov/image/ARC-1986-AC86-7042/ARC-1986-AC86-7042~thumb.jpg
ARC-1977-A77-0851,http://images.nasa.gov/details-ARC-1977-A77-0851.html,ARC-1977-A77-0851,https://images-assets.nasa.gov/image/ARC-1977-A77-0851/ARC-1977-A77-0851~thumb.jpg
Rings of Uranus,http://images.nasa.gov/details-PIA01981.html,PIA01981,https://images-assets.nasa.gov/image/PIA01981/PIA01981~thumb.jpg
ARC-1977-AC77-1069,http://images.nasa.gov/details-ARC-1977-AC77-1069.html,ARC-1977-AC77-1069,https://images-assets.nasa.gov/image/ARC-1977-AC77-1069/ARC-1977-AC77-1069~thumb.jpg
Miranda High Resolution of Large Fault,http://images.nasa.gov/details-PIA00044.html,PIA00044,https://images-assets.nasa.gov/image/PIA00044/PIA00044~thumb.jpg
Titania High-Resolution Color Composite,http://images.nasa.gov/details-PIA00036.html,PIA00036,https://images-assets.nasa.gov/image/PIA00036/PIA00036~thumb.jpg
ARC-1986-A86-7011,http://images.nasa.gov/details-ARC-1986-A86-7011.html,ARC-1986-A86-7011,https://images-assets.nasa.gov/image/ARC-1986-A86-7011/ARC-1986-A86-7011~thumb.jpg
ARC-1986-AC86-7014,http://images.nasa.gov/details-ARC-1986-AC86-7014.html,ARC-1986-AC86-7014,https://images-assets.nasa.gov/image/ARC-1986-AC86-7014/ARC-1986-AC86-7014~thumb.jpg
ARC-1986-AC86-7000,http://images.nasa.gov/details-ARC-1986-AC86-7000.html,ARC-1986-AC86-7000,https://images-assets.nasa.gov/image/ARC-1986-AC86-7000/ARC-1986-AC86-7000~thumb.jpg
ARC-1986-AC86-7018,http://images.nasa.gov/details-ARC-1986-AC86-7018.html,ARC-1986-AC86-7018,https://images-assets.nasa.gov/image/ARC-1986-AC86-7018/ARC-1986-AC86-7018~thumb.jpg
ARC-1986-AC86-7009,http://images.nasa.gov/details-ARC-1986-AC86-7009.html,ARC-1986-AC86-7009,https://images-assets.nasa.gov/image/ARC-1986-AC86-7009/ARC-1986-AC86-7009~thumb.jpg
Titania - Highest Resolution Voyager Picture,http://images.nasa.gov/details-PIA00039.html,PIA00039,https://images-assets.nasa.gov/image/PIA00039/PIA00039~thumb.jpg
Full-disk View of Titania,http://images.nasa.gov/details-PIA01979.html,PIA01979,https://images-assets.nasa.gov/image/PIA01979/PIA01979~thumb.jpg
ARC-1986-AC86-7003,http://images.nasa.gov/details-ARC-1986-AC86-7003.html,ARC-1986-AC86-7003,https://images-assets.nasa.gov/image/ARC-1986-AC86-7003/ARC-1986-AC86-7003~thumb.jpg
ARC-1981-A86-7005,http://images.nasa.gov/details-ARC-1981-A86-7005.html,ARC-1981-A86-7005,https://images-assets.nasa.gov/image/ARC-1981-A86-7005/ARC-1981-A86-7005~thumb.jpg
ARC-1986-A86-7004,http://images.nasa.gov/details-ARC-1986-A86-7004.html,ARC-1986-A86-7004,https://images-assets.nasa.gov/image/ARC-1986-A86-7004/ARC-1986-A86-7004~thumb.jpg
ARC-1981-AC81-0615,http://images.nasa.gov/details-ARC-1981-AC81-0615.html,ARC-1981-AC81-0615,https://images-assets.nasa.gov/image/ARC-1981-AC81-0615/ARC-1981-AC81-0615~thumb.jpg
ARC-1985-A86-7002,http://images.nasa.gov/details-ARC-1985-A86-7002.html,ARC-1985-A86-7002,https://images-assets.nasa.gov/image/ARC-1985-A86-7002/ARC-1985-A86-7002~thumb.jpg
ARC-1989-A89-7039,http://images.nasa.gov/details-ARC-1989-A89-7039.html,ARC-1989-A89-7039,https://images-assets.nasa.gov/image/ARC-1989-A89-7039/ARC-1989-A89-7039~thumb.jpg
ARC-1981-A86-7007,http://images.nasa.gov/details-ARC-1981-A86-7007.html,ARC-1981-A86-7007,https://images-assets.nasa.gov/image/ARC-1981-A86-7007/ARC-1981-A86-7007~thumb.jpg
Young Star HD 141569,http://images.nasa.gov/details-PIA21090.html,PIA21090,https://images-assets.nasa.gov/image/PIA21090/PIA21090~thumb.jpg
ARC-1986-A86-7024,http://images.nasa.gov/details-ARC-1986-A86-7024.html,ARC-1986-A86-7024,https://images-assets.nasa.gov/image/ARC-1986-A86-7024/ARC-1986-A86-7024~thumb.jpg
ARC-1986-A86-7027,http://images.nasa.gov/details-ARC-1986-A86-7027.html,ARC-1986-A86-7027,https://images-assets.nasa.gov/image/ARC-1986-A86-7027/ARC-1986-A86-7027~thumb.jpg
ARC-1986-A86-7028,http://images.nasa.gov/details-ARC-1986-A86-7028.html,ARC-1986-A86-7028,https://images-assets.nasa.gov/image/ARC-1986-A86-7028/ARC-1986-A86-7028~thumb.jpg
ARC-1986-A86-7032,http://images.nasa.gov/details-ARC-1986-A86-7032.html,ARC-1986-A86-7032,https://images-assets.nasa.gov/image/ARC-1986-A86-7032/ARC-1986-A86-7032~thumb.jpg
n/a,http://images.nasa.gov/details-0301099.html,0301099,https://images-assets.nasa.gov/image/0301099/0301099~thumb.jpg
KSC-2012-1867,http://images.nasa.gov/details-KSC-2012-1867.html,KSC-2012-1867,https://images-assets.nasa.gov/image/KSC-2012-1867/KSC-2012-1867~thumb.jpg
ARC-1986-A86-7041,http://images.nasa.gov/details-ARC-1986-A86-7041.html,ARC-1986-A86-7041,https://images-assets.nasa.gov/image/ARC-1986-A86-7041/ARC-1986-A86-7041~thumb.jpg
ARC-1986-AC86-7012,http://images.nasa.gov/details-ARC-1986-AC86-7012.html,ARC-1986-AC86-7012,https://images-assets.nasa.gov/image/ARC-1986-AC86-7012/ARC-1986-AC86-7012~thumb.jpg
Space Science,http://images.nasa.gov/details-7994970.html,7994970,https://images-assets.nasa.gov/image/7994970/7994970~thumb.jpg
ARC-1986-A86-7020,http://images.nasa.gov/details-ARC-1986-A86-7020.html,ARC-1986-A86-7020,https://images-assets.nasa.gov/image/ARC-1986-A86-7020/ARC-1986-A86-7020~thumb.jpg
ARC-1986-A86-7022,http://images.nasa.gov/details-ARC-1986-A86-7022.html,ARC-1986-A86-7022,https://images-assets.nasa.gov/image/ARC-1986-A86-7022/ARC-1986-A86-7022~thumb.jpg
ARC-1986-A86-7025,http://images.nasa.gov/details-ARC-1986-A86-7025.html,ARC-1986-A86-7025,https://images-assets.nasa.gov/image/ARC-1986-A86-7025/ARC-1986-A86-7025~thumb.jpg
ARC-1986-AC86-7025,http://images.nasa.gov/details-ARC-1986-AC86-7025.html,ARC-1986-AC86-7025,https://images-assets.nasa.gov/image/ARC-1986-AC86-7025/ARC-1986-AC86-7025~thumb.jpg
ARC-1980-AC80-7000,http://images.nasa.gov/details-ARC-1980-AC80-7000.html,ARC-1980-AC80-7000,https://images-assets.nasa.gov/image/ARC-1980-AC80-7000/ARC-1980-AC80-7000~thumb.jpg
Solar System Portrait - 60 Frame Mosaic,http://images.nasa.gov/details-PIA00451.html,PIA00451,https://images-assets.nasa.gov/image/PIA00451/PIA00451~thumb.jpg
Solar System Portrait - Views of 6 Planets,http://images.nasa.gov/details-PIA00453.html,PIA00453,https://images-assets.nasa.gov/image/PIA00453/PIA00453~thumb.jpg
ARC-1985-A86-7001,http://images.nasa.gov/details-ARC-1985-A86-7001.html,ARC-1985-A86-7001,https://images-assets.nasa.gov/image/ARC-1985-A86-7001/ARC-1985-A86-7001~thumb.jpg
ARC-1981-A86-7006,http://images.nasa.gov/details-ARC-1981-A86-7006.html,ARC-1981-A86-7006,https://images-assets.nasa.gov/image/ARC-1981-A86-7006/ARC-1981-A86-7006~thumb.jpg
ARC-1986-A86-7036,http://images.nasa.gov/details-ARC-1986-A86-7036.html,ARC-1986-A86-7036,https://images-assets.nasa.gov/image/ARC-1986-A86-7036/ARC-1986-A86-7036~thumb.jpg
ARC-1986-A86-7038,http://images.nasa.gov/details-ARC-1986-A86-7038.html,ARC-1986-A86-7038,https://images-assets.nasa.gov/image/ARC-1986-A86-7038/ARC-1986-A86-7038~thumb.jpg
ARC-1986-AC86-7015,http://images.nasa.gov/details-ARC-1986-AC86-7015.html,ARC-1986-AC86-7015,https://images-assets.nasa.gov/image/ARC-1986-AC86-7015/ARC-1986-AC86-7015~thumb.jpg
ARC-1986-AC86-7040,http://images.nasa.gov/details-ARC-1986-AC86-7040.html,ARC-1986-AC86-7040,https://images-assets.nasa.gov/image/ARC-1986-AC86-7040/ARC-1986-AC86-7040~thumb.jpg
ARC-1986-A86-7035,http://images.nasa.gov/details-ARC-1986-A86-7035.html,ARC-1986-A86-7035,https://images-assets.nasa.gov/image/ARC-1986-A86-7035/ARC-1986-A86-7035~thumb.jpg
ARC-1986-A86-7037,http://images.nasa.gov/details-ARC-1986-A86-7037.html,ARC-1986-A86-7037,https://images-assets.nasa.gov/image/ARC-1986-A86-7037/ARC-1986-A86-7037~thumb.jpg
ARC-1986-AC86-7008,http://images.nasa.gov/details-ARC-1986-AC86-7008.html,ARC-1986-AC86-7008,https://images-assets.nasa.gov/image/ARC-1986-AC86-7008/ARC-1986-AC86-7008~thumb.jpg
Launch Vehicle Directorate and Centaur Rocket Model,http://images.nasa.gov/details-GRC-1979-C-02339.html,GRC-1979-C-02339,https://images-assets.nasa.gov/image/GRC-1979-C-02339/GRC-1979-C-02339~thumb.jpg
First Official Pluto Feature Names,http://images.nasa.gov/details-PIA21944.html,PIA21944,https://images-assets.nasa.gov/image/PIA21944/PIA21944~thumb.jpg
Hubble’s Planetary Portrait Captures New Changes in Jupiter’s Great Red Spot,http://images.nasa.gov/details-GSFC_20171208_Archive_e000536.html,GSFC_20171208_Archive_e000536,https://images-assets.nasa.gov/image/GSFC_20171208_Archive_e000536/GSFC_20171208_Archive_e000536~thumb.jpg
Hubble’s Planetary Portrait Captures New Changes in Jupiter’s Great Red Spot,http://images.nasa.gov/details-GSFC_20171208_Archive_e000537.html,GSFC_20171208_Archive_e000537,https://images-assets.nasa.gov/image/GSFC_20171208_Archive_e000537/GSFC_20171208_Archive_e000537~thumb.jpg
Hubble sees the beautiful demises of dying star,http://images.nasa.gov/details-GSFC_20171208_Archive_e000210.html,GSFC_20171208_Archive_e000210,https://images-assets.nasa.gov/image/GSFC_20171208_Archive_e000210/GSFC_20171208_Archive_e000210~thumb.jpg
