http://collections.si.edu/search/results.htm?q=record_ID%3Anpg_NPG.78.TC63&repo=DPLA,Global War on Heroin,46e13feb0f9cf6c312f3f8af96dfa6f1
https://www.davidrumsey.com/luna/servlet/detail/RUMSEY~8~1~275396~90048656,"['(Covers to) The Histomap of Evolution: earth, life and mankind for ten thousand million years. Arranged by John B. Sparks. Copyright, 1932, by John Sparks, 1942 edition. Printed and distributed in U.S.A. by Rand McNally & co. HZ 011. (Cover title) From the flaming planet to modern man: The Histomap of Evolution: Ten thousand million years of evolution on single page. One dollar', 'The histomap of evolution: earth, life and mankind for ten thousand million years. Arranged by John B. Sparks. Copyright, 1932, by John Sparks, 1942 edition. Printed and distributed in U.S.A. by Rand McNally & co. HZ 011. (Cover title) From the flaming planet to modern man : The histomap of evolution : Ten thousand million years of evolution on single page. One dollar', 'Covers: The Histomap of Evolution. From the flaming planet to modern man']",a92f27ae3adeed5c2da9ff02337a03f5
http://catalog.archives.gov/id/22919985,['STS070-391-005 - STS-070 - Views of earth limb horizon during sunrise with Mars and Venus rising'],06898320a0ca52f61c60054c749c0839
http://catalog.archives.gov/id/22919997,['STS070-391-011 - STS-070 - Views of earth limb horizon during sunrise with Mars and Venus rising'],1af98cc76c2cb5a9cf7a3fe6478405b8
http://catalog.archives.gov/id/22919987,['STS070-391-006 - STS-070 - Views of earth limb horizon during sunrise with Mars and Venus rising'],2a07078bf18c043140950b25e05f26a8
http://catalog.archives.gov/id/22920003,['STS070-391-014 - STS-070 - Views of earth limb horizon during sunrise with Mars and Venus rising'],3104e811b8fa5a1dbf984f17c47f214b
http://catalog.archives.gov/id/22920041,['STS070-391-033 - STS-070 - Views of earth limb horizon during sunrise with Mars and Venus rising'],5c76fc1479849ba46015378b144f54a7
http://catalog.archives.gov/id/22920043,['STS070-391-034 - STS-070 - Views of earth limb horizon during sunrise with Mars and Venus rising'],68814a2dd3639451c1a71c2dc4f61942
http://catalog.archives.gov/id/22919983,['STS070-391-004 - STS-070 - Views of earth limb horizon during sunrise with Mars and Venus rising'],7f1eb4666a039f4a018fb52ef13ae104
http://catalog.archives.gov/id/22919981,['STS070-391-003 - STS-070 - Views of earth limb horizon during sunrise with Mars and Venus rising'],ec42c68661944187464120970f2da14c
http://catalog.archives.gov/id/22919993,['STS070-391-009 - STS-070 - Views of earth limb horizon during sunrise with Mars and Venus rising'],f886e35572885d01d030550996769e3e
http://catalog.archives.gov/id/22919995,['STS070-391-010 - STS-070 - Views of earth limb horizon during sunrise with Mars and Venus rising'],898e8cf5e4b6a1a28c89835b90ae4c12
http://catalog.archives.gov/id/22920037,['STS070-391-031 - STS-070 - Views of earth limb horizon during sunrise with Mars and Venus rising'],a247b2294717d2dea00909db78cc6ac5
http://catalog.archives.gov/id/22920033,['STS070-391-029 - STS-070 - Views of earth limb horizon during sunrise with Mars and Venus rising'],affdde3beba917ea3413c3f83193d573
http://catalog.archives.gov/id/22919979,['STS070-391-002 - STS-070 - Views of earth limb horizon during sunrise with Mars and Venus rising'],d7f8fe6b1fd1e3e0b7627bfddfa960eb
http://catalog.archives.gov/id/22919999,['STS070-391-012 - STS-070 - Views of earth limb horizon during sunrise with Mars and Venus rising'],d8c2079f5ac975bc0daa71493a2328c6
http://catalog.archives.gov/id/22920039,['STS070-391-032 - STS-070 - Views of earth limb horizon during sunrise with Mars and Venus rising'],f116dd8497f22fc7339a175c7757f0ac
http://catalog.archives.gov/id/22919989,['STS070-391-007 - STS-070 - Views of earth limb horizon during sunrise with Mars and Venus rising'],0b82bb4d76d23591121d6a20428e6a11
http://catalog.archives.gov/id/22919977,['STS070-391-001 - STS-070 - Views of earth limb horizon during sunrise with Mars and Venus rising'],5516efa05d098d3eb5292fcdad3056d1
http://catalog.archives.gov/id/22919991,['STS070-391-008 - STS-070 - Views of earth limb horizon during sunrise with Mars and Venus rising'],7edcee605e943b8b30c22f3020deb4c1
http://catalog.archives.gov/id/22920001,['STS070-391-013 - STS-070 - Views of earth limb horizon during sunrise with Mars and Venus rising'],c8f9da57659a647dcf107a9b5dd66c32
http://catalog.archives.gov/id/22920035,['STS070-391-030 - STS-070 - Views of earth limb horizon during sunrise with Mars and Venus rising'],cfdf8f70407e741463e99376ec6d1e20
https://www.davidrumsey.com/luna/servlet/detail/RUMSEY~8~1~275397~90048657,"['The Histomap of Evolution: earth, life and mankind for ten thousand million years. Arranged by John B. Sparks. Copyright, 1932, by John Sparks, 1942 edition. Printed and distributed in U.S.A. by Rand McNally & co. HZ 011. (Cover title) From the flaming planet to modern man: The Histomap of Evolution : Ten thousand million years of evolution on single page. One dollar', 'The Histomap of Evolution']",17390ea76ca5ef7725aa3abc8025ff45
http://catalog.archives.gov/id/22920045,['STS070-391-035 - STS-070 - Views of earth limb horizon during sunrise with Mars and Venus rising'],c05389f37dca7a86dfb2a672c51bb991
http://collections.si.edu/search/results.htm?q=record_ID%3Anpg_NPG.99.TC17&repo=DPLA,Saint George and His Unlikely Crusades,9395d4032a64be73d087f314e5cb2c1f
http://catalog.archives.gov/id/22920009,['STS070-391-017 - STS-070 - Views of earth limb horizon during sunrise with Mars and Venus rising'],3e052ceca74bffd7251e81daba03b016
http://catalog.archives.gov/id/22920019,['STS070-391-022 - STS-070 - Views of earth limb horizon during sunrise with Mars and Venus rising'],6c3cc69fcfa023abc4622c4723e0f3bb
http://catalog.archives.gov/id/22920029,['STS070-391-027 - STS-070 - Views of earth limb horizon during sunrise with Mars and Venus rising'],d58e643079832ad6a5e2abe1b718dfdc
http://catalog.archives.gov/id/22920011,['STS070-391-018 - STS-070 - Views of earth limb horizon during sunrise with Mars and Venus rising'],f50123e9fd4a21c9d9cfd43b92069098
http://catalog.archives.gov/id/22920007,['STS070-391-016 - STS-070 - Views of earth limb horizon during sunrise with Mars and Venus rising'],2844ce9fee6360a2bcf0f549e95be202
http://catalog.archives.gov/id/22920013,['STS070-391-019 - STS-070 - Views of earth limb horizon during sunrise with Mars and Venus rising'],78db52176037746a49273ed7c51c31d0
http://catalog.archives.gov/id/22920021,['STS070-391-023 - STS-070 - Views of earth limb horizon during sunrise with Mars and Venus rising'],8a0e53acad701d275343a97f0424dd4f
http://catalog.archives.gov/id/22920025,['STS070-391-025 - STS-070 - Views of earth limb horizon during sunrise with Mars and Venus rising'],c6b35cd3d6649e104e6ef7ca2b77866c
http://catalog.archives.gov/id/22920017,['STS070-391-021 - STS-070 - Views of earth limb horizon during sunrise with Mars and Venus rising'],c6d0da0da1e24f7d37befd3c06d5af37
http://catalog.archives.gov/id/22920031,['STS070-391-028 - STS-070 - Views of earth limb horizon during sunrise with Mars and Venus rising'],255793df8bd98898ebd5adbb3c249210
http://catalog.archives.gov/id/22920005,['STS070-391-015 - STS-070 - Views of earth limb horizon during sunrise with Mars and Venus rising'],6de7c6b5193199230a188eb1ea5aba3f
http://catalog.archives.gov/id/22920015,['STS070-391-020 - STS-070 - Views of earth limb horizon during sunrise with Mars and Venus rising'],714feb9133a00adeb6ef17185f561fb2
http://catalog.archives.gov/id/22920027,['STS070-391-026 - STS-070 - Views of earth limb horizon during sunrise with Mars and Venus rising'],aba024c46ca7a835b516b9b59fc3d5d4
http://catalog.archives.gov/id/22920023,['STS070-391-024 - STS-070 - Views of earth limb horizon during sunrise with Mars and Venus rising'],becc4ca1bbfc617dfb249ad94279219a
http://digitalcollections.library.gsu.edu/cdm/ref/collection/popmusic/id/7404,Tim McCabe,f1c7d31b0a353130b1434b16d84c58e7
http://ccdl.libraries.claremont.edu/cdm/ref/collection/tcp/id/45,['Brezhnev quotation'],b984f981d3b3e05896118f29d4c8e3e7
http://collections.si.edu/search/results.htm?q=record_ID%3Anpg_NPG.78.TC427&repo=DPLA,Michael Haider,b05e2ef479bc1220836d5e69eaf49b8a
http://collections.si.edu/search/results.htm?q=record_ID%3Anpg_NPG.82.TC146&repo=DPLA,Stansfield Turner,407b2d49449147180842ec22ef4e7bb9
http://ccdl.libraries.claremont.edu/cdm/ref/collection/mni/id/4031,['mni00819'],a7add63643381112dfd5758874832101
http://collections.si.edu/search/results.htm?q=record_ID%3Anpg_NPG.78.TC520&repo=DPLA,Henry Kissinger,99d51fd75f17e85e09fb85396783e12d
http://collections.si.edu/search/results.htm?q=record_ID%3Anpg_NPG.78.TC409&repo=DPLA,John Glenn,9edb6a73ef4109747230cd20a577cc20
http://collections.si.edu/search/results.htm?q=record_ID%3Anasm_A19840658000&repo=DPLA,"Klystron Tube, 100KW",aa1fcce05dfc22398890e8ca24a65292
http://catalog.archives.gov/id/6703975,"['U.S. Navy Astronauts orbiting 200-miles above planet Earth, CAPT. Michael Lopez-Alegria, Commander for the International Space Station (ISS) and Flight Engineer CMDR. Suni Williams reenlist 16 Sailors aboard the Nimitz-class aircraft carrier USS DWIGHT D. EISENHOWER (CVN 69) via video teleconference. During this unique opportunity, the Sailors reenlisted for a total of 57 years, while on deployment in the Arabian Sea on Jan. 29, 2007. (U.S. Navy PHOTO by Mass Communication SPECIALIST 2nd Class Miguel Angel Contreras) (Released)']",f519a92f6b36080430c4f85d4e0451f7
http://catalog.archives.gov/id/16708795,['AS15-99-13441 - Apollo 15 - Apollo 15 Mission image - Ultraviolet (UV) Photo of the Lunar Horizon and the Earth'],5421d8867925e4377c9001bffd6f20a8
http://catalog.archives.gov/id/16708717,"['AS15-99-13402 - Apollo 15 - Apollo 15 Mission image - Ultraviolet (UV) Photo of clouds, land and water']",f0611dafe558b6e746a80f76639c87a3
https://tessa.lapl.org/cdm/ref/collection/photos/id/55735,"[""Fix' on planet""]",c4af9163c4d9dcd23c9ac9250b3458dd
http://digitalcommons.chapman.edu/upi_pollution/16,['Earth Day Washington Monument'],75696557d58a4d7b2d1e392a3d027911
https://www.davidrumsey.com/luna/servlet/detail/RUMSEY~8~1~28195~1120308,"[""Centrifugal force. Centripetal force. Circle. Circles in the same plane. Circles not in the same plane. Kepler's Laws. Mean and true place of the Earth or a planet. (By Asa Smith. New York: Cady & Burgess, 60 John Street. 1850)"", ""Smith's illustrated astronomy, designed for the use of the public or common schools in the United States. Illustrated with numerous original diagrams. By Asa Smith, Principal of Public School No. 12, City of New York. Fifth edition. New York: Cady & Burgess, 60 John Street. 1850"", 'Centrifugal, centripetal force']",fd5ff1f56fd7bac841889596340489f5
http://catalog.archives.gov/id/16713871,"['AS16-118-18861 - Apollo 16 - Apollo 16 Mission image - Earth observation of Texas, Houston, and the Gulf of Mexico']",c3dac067a9dd56e385d8ac5b9ff1431a
http://catalog.archives.gov/id/5805020,['Gemini IV Mission Image - Earth limb'],5efe51cccd4908dd014a156339f465d8
https://digital.sciencehistory.org/works/j9602068s,"[""Postage stamp on souvenir sheet from the Ivory Coast commemorating Max Planck's Nobel Prize in Physics""]",fed650e836ae3cc104b4f9c71525a57b
http://catalog.archives.gov/id/75577377,"[""This photo of a coronal mass ejection was captured by the joint European Space Agency NASA Solar and helpioshperic Observatory. Coronal mass ejections are different from solar flares, though sometimes they happen at the same time. While solar flares are made u only of light and energetic articles (like protons and electrons), coronal mass ejections are clouds of gaseous solar material and magnetic fields. Both coronal mass ejections and flares tend to come from regions on the sun that are very magnetically active (meaning that the magnetic fields shift and change a lot in those areas). To get an idea of how huge coronal mass ejections can be: that white circle is outlining the sun. A million Earths could fit inside the sun, so imagine how many could fit in that one cloud of gas! Coronal mass ejections can travel in all directions, but images like this can help scientists figure out if they're headed toward Earth. When a coronal mass ejection reaches Earth, it can cause raid changes in the magnetic environment around our planet - which is called a geomagnetic storm.""]",d3429c58efd15127322e51e3e724b7c4
https://tessa.lapl.org/cdm/ref/collection/photos/id/72412,['Burbank float represents creation of earth'],f61fb745a3dc3977aff2d123526a548c
http://digital.library.wisc.edu/1711.dl/SSRecIDSearch?repl1=GenderStudies&repl2=GenderStudies.olakh0596.bib,['One billion women and girls'],6946f34a32f53f5e4a874aa25d493cc8
http://collections.si.edu/search/results.htm?q=record_ID%3Achndm_1991-69-51&repo=DPLA,The stars are in us,6144f9487015d621d3fd012f9dd1fba6
http://catalog.archives.gov/id/16699381,['AS14-71-9850 - Apollo 14 - Apollo 14 Mission image - View of the Earth.'],6ef105ab5e78643794ae3071e5265403
https://www.davidrumsey.com/luna/servlet/detail/RUMSEY~8~1~248841~5516193,"[""3. Der Mond ... Entworfen von Tr. Bromme. Ausgefuhrt v. E. Winckelmann. Stuttgart. Verlag von Krais & Hoffman. (to accompany) Atlas zur Physik der Welt. (with second title page) Atlas zu Alex. v. Humboldt's Kosmos ... Bromme"", ""Atlas zu Alex. V. Humboldt's Kosmos in zweiundvierzig Tafeln mit erlauterndem Texte. Herausgegeben von Traugott Bromme. Stuttgart. Verlag von Krais & Hoffman. (with second title page) Atlas zur Physik der Welt in ... Bromme"", '3. Der Mond']",8f012dfe70d5a4aacb46b2c121084349
http://collections.si.edu/search/results.htm?q=record_ID%3Anpg_NPG.78.TC829&repo=DPLA,Andy Young,6ebfba9ae411358df604b52e552ea19c
http://collections.si.edu/search/results.htm?q=record_ID%3Anasm_A19990062001&repo=DPLA,"Scan Actuator Motor, Voyager Spacecraft",bbe2e8e59e465328223631c48929746f
http://collections.si.edu/search/results.htm?q=record_ID%3Anasm_A19990065004&repo=DPLA,"Memory Subassembly Board, Voyager",5b79abf2ef9e5915e2c9f6f032f1e4d1
http://catalog.archives.gov/id/16707607,['AS15-94-12855 - Apollo 15 - Apollo 15 Mission image - Craters Petavius and Humboldt and Southern Sea (Mare Australe)'],e33710d8bc7a709899302b69f4607488
http://catalog.archives.gov/id/16707623,['AS15-94-12863 - Apollo 15 - Apollo 15 Mission image - View of the Lunar Disc'],9c96606dff0024d68eeccf2ee5e57fcc
http://collections.si.edu/search/results.htm?q=record_ID%3Asilgoi_110657&repo=DPLA,The Planetary System from The beauty of the heavens : a pictorial display of the astronomical phenomena of the universe,b01c606d5b29e363b1f80ccce5c7dbdb
http://catalog.archives.gov/id/16707621,"[""AS15-94-12862 - Apollo 15 - Apollo 15 Mission image - View of Crater Humboldt and Smyth's Sea (Mare Smythii)""]",83cf67df67cadcd8328414d29973f0ef
http://catalog.archives.gov/id/16707603,"[""AS15-94-12853 - Apollo 15 - Apollo 15 Mission image - Smyth's Sea (Mare Smythii), and Border Seas (Mare Marginis)""]",10406ece2575f17f988cb12e6aa7c31c
http://collections.si.edu/search/results.htm?q=record_ID%3Anasm_A19990064001&repo=DPLA,"Subchassis Assembly, DAS, Voyager Spacecraft",75de7c7f703bc619240103c80cdabce4
http://catalog.archives.gov/id/16707605,"[""AS15-94-12854 - Apollo 15 - Apollo 15 Mission image - Crater Humboldt and Smyth's Sea (Mare Smythii) and Southern Sea (Mare Australe)""]",04853af3bef81195e54ab3f26a16aa93
http://collections.si.edu/search/results.htm?q=record_ID%3Asilgoi_103948&repo=DPLA,Introduction to Astronomy from Smith's illustrated astronomy : designed for the use of the public or common schools in the United States,ff0f330ee881abbe2a38f5c4bf4058df
http://catalog.archives.gov/id/16707893,['AS15-95-12997 - Apollo 15 - Apollo 15 Mission image - High oblique view looking south'],c7a63b2eb43a83e9c1d1cde808afd917
http://collections.si.edu/search/results.htm?q=record_ID%3Asilgoi_68481&repo=DPLA,"Schematic of Saturn's rings from Cristiani Hugenii Zulichemii, Const. f. Systema Saturnium",55665a2a94959878c0bbadcbc42746d3
http://catalog.archives.gov/id/16713948,"['AS16-118-18880 - Apollo 16 - Apollo 16 Mission image - A good view of the Earth photographed about one hour after translunar injection of April 16, 1972']",525d746a010e57f22e4fead9d73bcd08
http://catalog.archives.gov/id/16707615,"[""AS15-94-12859 - Apollo 15 - Apollo 15 Mission image - Smyth's Sea (Mare Smythii), and the Seas of Crises (Mare Crisium) and Fertility (Mare Fecunditatis)""]",80fd634f8fc92df47d6972e90c1919b8
http://catalog.archives.gov/id/16707597,['AS15-94-12850 - Apollo 15 - Apollo 15 Mission image - View of the Seas of Crises (Mare Crisium) Fertility (Mare Fecunditatis) and Tranquility (Mare Tranquillitatis)'],d2a1a0cce643f14e5a8ba23b436495c7
http://catalog.archives.gov/id/16707875,['AS15-95-12988 - Apollo 15 - Apollo 15 Mission image - View of Helmholtz and Boussingault Craters'],1ebe54f3982a8477b30222082aee649a
http://catalog.archives.gov/id/16707599,"[""AS15-94-12851 - Apollo 15 - Apollo 15 Mission image - View of the Seas of Serenity (Mare Serenitatis), Fertility (Mare Fecunditatis) and Smyth's Sea (Mare Smythii)""]",205a8b32af3328a60117dda3cae4a754
http://catalog.archives.gov/id/16720927,"['AS17-137-20958 - Apollo 17 - Apollo 17 Mission image - STA 2, Earth']",356f855b4f1673e98908fdbe2b7b9a35
http://catalog.archives.gov/id/16708707,['AS15-98-13398 - Apollo 15 - Apollo 15 Mission image - View of Window calibration view of the Corona'],52fd8153380439f41a6b7e0c96ebf856
http://catalog.archives.gov/id/16707601,"[""AS15-94-12852 - Apollo 15 - Apollo 15 Mission image - Smyth's Sea (Mare Smythii), Border Seas (Mare Marginis) and the Seas of Crisis (Mare Crisium) and Fertility (Mare Fecunditatis)""]",0a86229ae3c56977f88e482a0500da0d
http://catalog.archives.gov/id/16707885,['AS15-95-12993 - Apollo 15 - Apollo 15 Mission image - View of Jansen and Rosenberger Craters'],452c2a2631ffd2146c8dc81875ecaf02
http://catalog.archives.gov/id/16707887,['AS15-95-12994 - Apollo 15 - Apollo 15 Mission image - View of Jansen and Vlacq Craters'],68d23da2d8b1f29f523288bb0985f2f8
http://catalog.archives.gov/id/16707891,['AS15-95-12996 - Apollo 15 - Apollo 15 Mission image - View of Petavius and Rheita Craters'],593170a7d7455139d57f634e838a9321
http://catalog.archives.gov/id/16707879,['AS15-95-12990 - Apollo 15 - Apollo 15 Mission image - View of Petavius Crater'],35fe04379cb705ebc3b8ba7f45f33df5
http://collections.si.edu/search/results.htm?q=record_ID%3Anasm_A19990064000&repo=DPLA,"Subassembly Board, DAS Logic, Voyager Spacecraft",76c7981ae93627fa4afe0df9edcbcb41
http://catalog.archives.gov/id/16707877,['AS15-95-12989 - Apollo 15 - Apollo 15 Mission image - View of Petavius Crater'],daffcc11a42ab11956da39476a922728
http://catalog.archives.gov/id/16705900,"['AS15-88-12012 - Apollo 15 - Apollo 15 Mission image - View of the Southern Sea (Mare Australe), and Craters Lyot and Humboldt']",e0b083d985ff9a3c8673699e688699c8
http://catalog.archives.gov/id/16707859,['AS15-95-12980 - Apollo 15 - Apollo 15 Mission image - View of Schrodinger Rille and Lyot Crater'],e72f0ab85425f2a533fb4a31eb6ab9ad
http://catalog.archives.gov/id/16707873,['AS15-95-12987 - Apollo 15 - Apollo 15 Mission image - View of Border Sea and Joliot-Curie Crater'],c676a8e8eb90932a522fb1a72e449c64
http://catalog.archives.gov/id/16705889,"['AS15-88-12007 - Apollo 15 - Apollo 15 Mission image - View of Southern Sea (Mare Australe), Crater Lyot and Schrodinger Rille']",03947c990f0f8c5a42fced0b297b673a
http://catalog.archives.gov/id/16707861,['AS15-95-12981 - Apollo 15 - Apollo 15 Mission image - View of Humboldt Crater'],0f68277928f8492e6f033d648b7a1f26
http://catalog.archives.gov/id/16707619,['AS15-94-12861 - Apollo 15 - Apollo 15 Mission image - View from the Southern Sea (Mare Australe) to the Sea of Tranquility (Mare Tranquillitatis)'],75a44f8bee58eb8685e5bd422beb8a75
http://catalog.archives.gov/id/16707613,"[""AS15-94-12858 - Apollo 15 - Apollo 15 Mission image - Smyth's Sea (Mare Smythii) to the Sea of Serenty (Mare Serenitatis)""]",a22ff4e99af9ce3c50810ff3ea111e6b
http://catalog.archives.gov/id/16707863,['AS15-95-12982 - Apollo 15 - Apollo 15 Mission image - View of Rosenberger Crater.'],c8d8e1e5004e99ad16b94a1af9f60619
http://catalog.archives.gov/id/16707609,['AS15-94-12856 - Apollo 15 - Apollo 15 Mission image - Southern Sea (Mare Australe) to the Sea of Tranquility (Mare Tranquillitatis)'],343a060230826dce7e2cb7c357461c66
https://tessa.lapl.org/cdm/ref/collection/photos/id/74545,['Valley optical ace has home sky show'],5b844f0f19eca64e8308c51195ef394a
http://catalog.archives.gov/id/16719424,"['AS17-134-20465 - Apollo 17 - Apollo 17 Mission image - STA LM, Earth, Flag']",8024f4f22a1be2b15d7587f7bdf9acd8
http://catalog.archives.gov/id/16707899,['AS15-95-13000 - Apollo 15 - Apollo 15 Mission image - View of the Lunar Disc'],9f7e24d1940737c9bb606896cf3ee81e
http://catalog.archives.gov/id/16719421,"['AS17-134-20464 - Apollo 17 - Apollo 17 Mission image - STA LM, Earth']",e35ff0ec55e447670400a3c625eda62a
http://catalog.archives.gov/id/16719418,"['AS17-134-20463 - Apollo 17 - Apollo 17 Mission image - STA LM, LM, Earth']",f2a00b008a1872e850afd812a6099e8a
http://catalog.archives.gov/id/16707903,['AS15-95-13002 - Apollo 15 - Apollo 15 Mission image - View of the Lunar Disc'],2a374c6d93aeda4c8ef1d738821bd153
http://catalog.archives.gov/id/16707617,['AS15-94-12860 - Apollo 15 - Apollo 15 Mission image - View from the Southern Sea (Mare Australe) to the Sea of Crises (Mare Crisium)'],5a17604a688b32cb05cf6597506e2564
http://catalog.archives.gov/id/16707901,['AS15-95-13001 - Apollo 15 - Apollo 15 Mission image - View of the Lunar Disc'],75623992221af625bfe3fbb2c5e3b025
http://catalog.archives.gov/id/16707611,['AS15-94-12857 - Apollo 15 - Apollo 15 Mission image - Southern Sea (Mare Australe) to the Sea of Serenty (Mare Serenitatis)'],89307f2579a3c7e6498ae9ca3a4d52cb
http://catalog.archives.gov/id/16720936,"['AS17-137-20961 - Apollo 17 - Apollo 17 Mission image - STA 2, SPL 2315, Boulder, Earth']",a1c9645da876432a237d251816264704
http://collections.si.edu/search/results.htm?q=record_ID%3Asaam_1996.1A-F&repo=DPLA,Granite Weaving,d2f4ee9441dcacfd5e64ecccc165aabe
http://catalog.archives.gov/id/16707889,['AS15-95-12995 - Apollo 15 - Apollo 15 Mission image - View of Sea of Fertility and Langrenus Crater'],73e1283c0a000fa44698d023705fb7e1
http://catalog.archives.gov/id/16707881,"[""AS15-95-12991 - Apollo 15 - Apollo 15 Mission image - View of Smyth's Sea (Mare Smythii)""]",48f78016ac26ceb93f74213c1c2cc79e
http://catalog.archives.gov/id/16707883,"[""AS15-95-12992 - Apollo 15 - Apollo 15 Mission image - View of Smyth's Sea (Mare Smythii)""]",ac487edec647382ba9fe2bc519668e8c
http://catalog.archives.gov/id/16697295,['AS14-64-9189 - Apollo 14 - Apollo 14 Mission image - Dark view of an Earth crescent and the Lunar Module taken from the surface of the moon.'],eb604aec95d56237be78abc0366b843b
http://catalog.archives.gov/id/16707871,['AS15-95-12986 - Apollo 15 - Apollo 15 Mission image - View of Gibbs and Humboldt Craters'],cf07647d69ccc31a13a48dd278362624
http://catalog.archives.gov/id/16707897,['AS15-95-12999 - Apollo 15 - Apollo 15 Mission image - View of Sea of Crises (Mare Crisium)'],10113728fc792c767b71d1238414c843
http://catalog.archives.gov/id/16716703,['AS16-122-19566 - Apollo 16 - Apollo 16 Mission Image - View of a Cresent Earth and the Chang Heng Crater.'],51f36f74f3b0201cf2bc758cc6461bc2
http://catalog.archives.gov/id/16707869,['AS15-95-12985 - Apollo 15 - Apollo 15 Mission image - View of Humboldt Crater'],c7f7a373cad7237d3cc9856d38d67ae1
http://catalog.archives.gov/id/16705898,"['AS15-88-12011 - Apollo 15 - Apollo 15 Mission image - View of the Southern Sea (Mare Australe), and Craters Lyot and Humboldt']",1ed1824f5d0f02ca4b824564da6d3ab3
http://catalog.archives.gov/id/16707867,['AS15-95-12984 - Apollo 15 - Apollo 15 Mission image - View the Southern Sea (Mare Australe) and Pontecoulant Crater'],39db60c019d45a55fc8081e2d22a0f40
http://catalog.archives.gov/id/16707865,['AS15-95-12983 - Apollo 15 - Apollo 15 Mission image - View the Southern Sea (Mare Australe) and Pontecoulant Crater'],3a14fb1e254b6d19f5d5d6a323ed37ec
http://catalog.archives.gov/id/16705896,"['AS15-88-12010 - Apollo 15 - Apollo 15 Mission image - View of the Southern Sea (Mare Australe), and Craters Lyot and Humboldt']",ee685741a3dacc19224ad4431ac9e905
http://catalog.archives.gov/id/16705851,['AS15-88-11988 - Apollo 15 - Apollo 15 Mission image - View of an Earth rise with Craters Gibbs and Schorr visible.'],1442b925aaf40bc885ff42c2a018ade4
http://collections.si.edu/search/results.htm?q=record_ID%3Anpg_NPG.70.36&repo=DPLA,Apollo 11 Crew,2a842d559ebc16a63f7b2769839f022d
http://catalog.archives.gov/id/16719448,"['AS17-134-20473 - Apollo 17 - Apollo 17 Mission image - STA LM, CDR, LRV, Earth']",7584d9f8012385b671468358d29f7e92
http://catalog.archives.gov/id/16716695,['AS16-122-19564 - Apollo 16 - Apollo 16 Mission Image - View of a Cresent Earth and the lunar surface north of the Fleming Crater.'],8688f418517dffc1b419d64f792a84ad
http://collections.si.edu/search/results.htm?q=record_ID%3Asilgoi_66647&repo=DPLA,"Crater on East Maui, called by the natives Haleakala or House of the Sun from Narrative of the United States exploring expedition",516a6093b48d19232c40808286f7f516
http://catalog.archives.gov/id/16697425,['AS14-66-9228 - Apollo 14 - Apollo 14 Mission image - View from the Lunar Module window Earthrise near the Pasteur Crater.'],385aa9d1e418e4907c628f7475355f7d
https://www.davidrumsey.com/luna/servlet/detail/RUMSEY~8~1~292158~90064299,"['Destination Mars. National Geographic. Copyright 2001 National Geographic Society, Washington, D.C. Revised 2012. 22075. Mars image created by Michael Caplinger and Michael C Malin. (inset views) North pole. (with) South pole. (on verso) Verso: Mars revealed : a new look at forces that shape the desert plane', 'Destination Mars. National Geographic']",0ea4920626bd42a5ad9f9a4105e6b96a
https://www.davidrumsey.com/luna/servlet/detail/RUMSEY~8~1~292159~90064298,"['Mars revealed : a new look at forces that shape the desert plane. (on verso) Destination Mars. National Geographic. Copyright 2001 National Geographic Society, Washington, D.C. Revised 2012. 22075. Mars image created by Michael Caplinger and Michael C Malin. (inset views) North pole. (with) South pole', 'Destination Mars. National Geographic. Copyright 2001 National Geographic Society, Washington, D.C. Revised 2012. 22075. Mars image created by Michael Caplinger and Michael C Malin. (inset views) North pole. (with) South pole. (on verso) Verso: Mars revealed : a new look at forces that shape the desert plane', 'Destination Mars. National Geographic']",ed1686c75b2c7dad7bf6c805728e7840
http://utah-primoprod.hosted.exlibrisgroup.com/primo_library/libweb/action/dlDisplay.do?vid=MWDL&afterPDS=true&docId=digcoll_usl_22library2_lib/73806,"NASA : vital signs : taking the pulse of our planet (October 23, 2014)",8f94e13415288cf662ab85922efcce31
http://collections.si.edu/search/results.htm?q=record_ID%3Anasm_A19840657000&repo=DPLA,"Klystron Tube, 10KW",24a6dc6a8163987d0688b08e3a6406d8
http://catalog.archives.gov/id/16713867,['AS16-118-18860 - Apollo 16 - Apollo 16 Mission image - View eastward from Earth orbit across the coastal plain of Texas and Louisiana'],8a0998cf13c183332bfba358aa57b48a
http://catalog.archives.gov/id/16719439,"['AS17-134-20470 - Apollo 17 - Apollo 17 Mission image - STA LM, LMP, LRV, Earth']",0d6eaec1565e74bb1b47ee86869c0ab6
http://catalog.archives.gov/id/16705853,['AS15-88-11989 - Apollo 15 - Apollo 15 Mission image - View of an Earth rise with Craters Gibbs visible'],79d26b594e23cabc697f2c6bce5871d3
http://catalog.archives.gov/id/23168147,['STS091-727-051 - STS-091 - Full views of Mir Space Station after undocking during flyaround'],31cc1048c69fe6f65c981233f28834a1
http://collections.si.edu/search/results.htm?q=record_ID%3Anpg_NPG.78.TC371&repo=DPLA,Henry Kissinger and Gerald Ford,793bc497b80dc63a7b202905dd6bd94c
http://catalog.archives.gov/id/16705903,"[""AS15-88-12013 - Apollo 15 - Apollo 15 Mission image - Lunar Disc with Seas of Crises (Mare Crisium), Fertility (Mare Fecunditatis), Serenity (Mare Serenitatis) and Smyth's Sea (Mare Smythii)""]",d4f7768d956df3b7baeafee3ad1520a0
http://collections.si.edu/search/results.htm?q=record_ID%3Anasm_A19790215002&repo=DPLA,"Stand, Viking Mars Lander",8c4bc4d2ddd59480a5373c3e45d934c6
http://collections.si.edu/search/results.htm?q=record_ID%3Anasm_A19790215003&repo=DPLA,"Wheels, Stand, Viking Mars Lander",b8ff83649d0ec0d6b78fb6037a4a7616
https://tessa.lapl.org/cdm/ref/collection/photos/id/112186,['Long Beach Arena'],97bce931d2939174c6e686ffd4c7301a
https://tessa.lapl.org/cdm/ref/collection/photos/id/112192,['Panoramic view of Long Beach'],0f6930b5a4e9b82cedc66488bd4ae4d7
http://catalog.archives.gov/id/16713968,"['AS16-118-18885 - Apollo 16 - Apollo 16 Mission image - A good view of the Earth photographed about one and one-half hours after trans-lunar injection on April 16, 1972.']",455cb6b7427fdbce1522ae09e7949c60
http://cdmweb.lib.csufresno.edu/cdm/ref/collection/worldsfair/id/18698,['Unisphere and fountains'],e58a2a7712594de1c5df31a42771fd6a
http://collections.si.edu/search/results.htm?q=record_ID%3Anasm_A19880569000&repo=DPLA,"Model, Planetary Probe, Mariner 2",c66dba56c35b5de9f625e140221a80eb
https://tessa.lapl.org/cdm/ref/collection/photos/id/112180,['Long Beach Arena'],98ef856d288933b88fa34e2276ffb702
http://ark.cdlib.org/ark:/13030/hb5g5009kf,"['United People inc. presents Mission ""Y"" Cafe, Announcement Poster for']",8108007b1ed8ba6ca217473e621ed14f
https://tessa.lapl.org/cdm/ref/collection/photos/id/112179,['Long Beach Arena'],8b9037803b15859b9c029d49fd11a856
http://collections.si.edu/search/results.htm?q=record_ID%3Anasm_A19760027000&repo=DPLA,"Engineering Model, Mariner 2",2d17cd862fc5f4ba1ae6a9b331fe5868
http://catalog.archives.gov/id/16713919,"['AS16-118-18873 - Apollo 16 - Apollo 16 Mission image - A good view of the Earth photographed shortly after translunar injection of April 16, 1972']",cb1bb58e448a83f6bc31b5516a9e558c
http://catalog.archives.gov/id/16712374,"['AS16-113-18288 - Apollo 16 - Apollo 16 Mission image - Earthrise. In this 60-mm Hasselblad DC photograph from the LM (Lunar Module), the Command Service Module (CSM) is to the left of the Earth. This photograph was taken during the hold period before landing.']",f52fdfe11a1ca51463f57efd0d1554ee
http://catalog.archives.gov/id/16705248,"['AS15-86-11689 - Apollo 15 - Apollo 15 Mission image - View of Station 7 and Boulder, Down Sun']",ef893c0fe79b1b21ec7b58435dc261c9
http://collections.si.edu/search/results.htm?q=record_ID%3Asilgoi_104012&repo=DPLA,Outdoor scene from The Canadian field-naturalist,ebfd2f4f1804e02cb5a317771846610e
http://collections.si.edu/search/results.htm?q=record_ID%3Anasm_A19751493000&repo=DPLA,"Model, Planetary Probe, Mariner 2",cbb4868a32dd4bed7b3bf5f4f3eb5f85
http://catalog.archives.gov/id/16712376,"['AS16-113-18289 - Apollo 16 - Apollo 16 Mission image - Earth rises over the lunar horizon, with the Apollo 16 Command and Services Modules (CSM) to the left of the Earth.']",771c724e4df299f2c498a2d32ea0157c
http://collections.si.edu/search/results.htm?q=record_ID%3Anasm_A20070215000&repo=DPLA,"Model, Mars Mission Spacecraft",549b64042eede5d29cada9f61938d5e0
http://palni.contentdm.oclc.org/cdm/ref/collection/mapplow/id/1920,"Bulletin of the Peace Studies Institute. Vol. 07, no. 2 (July 1977)",d49bb2f8b192174ebd540c73c5c1519d
https://library.ucsd.edu/dc/object/bb3347737c,['Kiosko Esot√©rico: kiosk outside the Centro Cultural in Tijuana'],81f85fba9980bc8465089e903a7e3069
http://cdm16122.contentdm.oclc.org/cdm/ref/collection/p15370coll2/id/7047,Humanics and the Environment- Powerpoint- Frank J. Torre (c. 2002),25425ebf34d56d89af630e55acacf4f6
http://catalog.archives.gov/id/16707595,"['AS15-94-12849 - Apollo 15 - Apollo 15 Mission image - Southern Sea, Craters Petavius and Langrenus and Seas of Fertility, Nectar and Tranquility']",0cf51c7494252cc6f2403468ca6957ff
http://catalog.archives.gov/id/16697916,['AS14-67-9385 - Apollo 14 - Apollo 14 Mission image - Close-up view of the Laser Ranging Retroreflector (LRRR)'],1bfd243747df971a477782568d93114d
http://catalog.archives.gov/id/16716234,['AS16-121-19449 - Apollo 16 - Apollo 16 Mission image - View of the Sea of Fertility and the Langrenus Crater.'],158edb7664e61301aef9546f9847007f
http://catalog.archives.gov/id/16697912,['AS14-67-9384 - Apollo 14 - Apollo 14 Mission image - View of the ALSEP and PSE Package.'],43492499c281f08ade9e201180ffa754
http://catalog.archives.gov/id/16716241,['AS16-121-19451 - Apollo 16 - Apollo 16 Mission image - Post-TEI view of the Moon.'],2e176044850488b4feac793c1894bbe0
http://catalog.archives.gov/id/16685122,['AS11-40-5897 - Apollo 11 - Apollo 11 Mission image - View of Apollo 1 plaque on the Lunar Module'],ef743aaf7d0c22e5a2bc642ddb1c05fc
http://catalog.archives.gov/id/16685125,['AS11-40-5898 - Apollo 11 - Apollo 11 Mission image - View of Apollo 1 plaque on the Lunar Module'],50f11e41489261a374a2c8ee8f9af64f
http://catalog.archives.gov/id/16708442,['AS15-97-13267 - Apollo 15 - Apollo 15 Mission image - View of Earthrise over the Lunar Surface'],68579fa6f73cbb01b0e7326648bb5d80
http://catalog.archives.gov/id/16685128,['AS11-40-5899 - Apollo 11 - Apollo 11 Mission image - View of Apollo 1 plaque on the Lunar Module'],b86f0901f43c5682dbf171b63ab0af1c
http://merrick.library.miami.edu/cdm/ref/collection/chc0218/id/2055,"[""Drawing of Apollo 12's deployment of ALSEP""]",5a043cc0235eb73c4afb18116e63cfb9
http://catalog.archives.gov/id/16713944,['AS16-118-18879 - Apollo 16 - Apollo 16 Mission image - This spectacular view of North America was photographed approximately 1 hr 50 min after the TLI (Translunar Injection) burn.'],3cca7107b4420d1f7db813106424322b
http://ccdl.libraries.claremont.edu/cdm/ref/collection/pca/id/134,['VALIS Night Day Divide Polar Plateau'],447ea993d9b7d13af90ad5d98de68534
http://catalog.archives.gov/id/16706593,['AS15-91-12353 - Apollo 15 - Apollo 15 Mission image - View of Crater Newcomb'],4f96695993656e1faf65df17be3e7a46
http://catalog.archives.gov/id/16715185,['AS16-120-19187 - Apollo 16 - Apollo 16 Mission image - Earth rise scene taken during the second revolution of the moon.'],63297d7dc35c9a3b1ea094f2aaef3c84
http://collections.si.edu/search/results.htm?q=record_ID%3Anasm_A19940075000&repo=DPLA,"Satellite, Astrophysics, Granat, Commemorative",29738f350125cb20253dc1f0671d9298
http://collections.si.edu/search/results.htm?q=record_ID%3Asilgoi_103953&repo=DPLA,Volcanoes from Thirty plates illustrative of natural phenomena,a0324eb950d351c3a2a779623c8a9ab1
http://collections.si.edu/search/results.htm?q=record_ID%3Anasm_A20160080000&repo=DPLA,"Model, Mars Science Laboratory, Mars Rover Curiosity",1f524814b9f8a4e24a543a7eca0edacc
https://www.davidrumsey.com/luna/servlet/detail/RUMSEY~8~1~305122~90075525,"[""Hydrographische karte der erde. Verlag des Bibliograph. Instituts zu Hildburghausen, Amsterdam, Paris u. Philadelphia. (in upper margin) Meyer's Zeitung Atlas. No. 90. (to accompany) Neuester Zeitungs-Atlas fur Alte und Neue Erdkunde. Herausgegeben von J. Meyer. (3 profile). Regenhohe in den zonen. (with) Abnahme der Regenmenge. (with) Zunahme der Regemenge"", 'Neuester Zeitungs-Atlas fur Alte und Neue Erdkunde. Herausgegeben von J. Meyer ... Hildburghausen, Amsterdam und New York : Stahlstich, Druck & Verlag des Bibliographischen Instituts. In 31 lieferungen', 'Hydrographische karte der erde']",8262962fb8cf847b7a3f2f3ceef354a9
http://collections.si.edu/search/results.htm?q=record_ID%3Anmah_1184265&repo=DPLA,Mars Globe,0de5797c74dc8042cb923958dab09296
https://www.davidrumsey.com/luna/servlet/detail/RUMSEY~8~1~305119~90075528,"[""Vergleichende Ubersicht bekannter Hohen und Orte der Erde uber der Meeres-Flache. Stich, Druck und verlag der geographischen Anstalt des Bibliographischen Instituts zu Hildburghausen. (in upper margin) Meyer's Zeitung Atlas. No. 56. (to accompany) Neuester Zeitungs-Atlas fur Alte und Neue Erdkunde. Herausgegeben von J. Meyer"", 'Neuester Zeitungs-Atlas fur Alte und Neue Erdkunde. Herausgegeben von J. Meyer ... Hildburghausen, Amsterdam und New York : Stahlstich, Druck & Verlag des Bibliographischen Instituts. In 31 lieferungen', 'Vergleichende Ubersicht bekannter Hohen und Orte der Erde uber der Meeres-Flache']",199fb585f3acbe5556a7fe23d1c7d7e5
http://catalog.archives.gov/id/16713622,['AS16-117-18799 - Apollo 16 - Apollo 16 Mission image - View of Lunar Roving Vehicle (LRV) Traverse Station 13 to Station 10'],cc73bd20dfef1b07bdbd32d42ea4b17b
http://collections.si.edu/search/results.htm?q=record_ID%3Achndm_1981-29-86&repo=DPLA,Understanding Taxes ' 79,f3713212979a40760503db9b1960c7a3
http://mdon.library.ipfw.edu/cdm/ref/collection/cc_fw_agi/id/54825,Explore sustainable Indiana : celebrating Hoosier solutions to our climate crisis,43583f5af9294a790b3ca5f53e0995f9
http://collections.si.edu/search/results.htm?q=record_ID%3Anasm_A19990257000&repo=DPLA,"Gondola, Breitling Orbiter 3",faf84f709026b2cd861430fed57061d2
